amount,merchant_category_idx,country_idx,device_type_idx,hour
729.56,0,2,0,11
306.07,1,4,0,19
119.71,0,1,1,2
207.3,2,2,1,21
432.25,3,0,1,5
970.41,3,1,2,11
56.75,1,3,2,21
7573.7,3,1,0,3
356.56,3,1,2,15
400.44,4,3,0,2
408.66,4,1,0,10
549.58,1,0,2,10
4.46,0,3,1,19
78.0,2,4,0,11
739.04,3,4,2,17
1.94,2,1,2,3
181.13,3,0,1,4
828.51,1,3,1,10
995.52,0,4,0,8
34.93,0,4,0,17
333.64,0,4,1,0
340.04,3,0,2,12
523.43,1,1,0,2
483.93,2,0,1,1
33852.06,2,0,0,4
640.81,2,1,1,3
740.76,3,1,0,1
340.53,1,1,2,13
444.29,4,1,0,19
810.42,0,4,2,4
360.98,1,1,0,18
383.48,2,0,1,22
525.6,2,4,2,0
507.1,2,3,2,1
311.89,0,3,0,4
230.66,1,0,1,19
90.87,4,4,2,20
220.11,0,1,1,12
28.12,1,4,2,20
628.11,0,1,2,5
629.34,1,2,0,9
110.1,1,0,2,10
400.05,4,1,1,12
569.48,2,3,1,3
994.4,2,1,1,8
853.63,0,2,0,9
83.23,3,0,0,7
109.34,0,2,0,11
545.77,3,0,0,3
124.53,2,2,2,16
977.91,0,1,2,11
260.27,3,0,0,11
86.56,1,4,0,2
821.97,4,2,0,9
924.16,4,1,1,10
848.86,1,3,1,2
774.05,2,4,2,6
146.02,0,4,2,20
811.85,1,3,0,1
935.71,0,2,0,2
14414.67,4,4,0,23
393.74,4,0,1,18
463.32,3,3,2,1
620.99,0,2,0,17
32231.84,2,0,1,5
370.37,4,1,0,10
758.32,3,3,2,3
145.03,1,2,1,5
10636.7,1,4,2,21
587.3,0,1,2,12
511.65,4,0,0,20
157.67,2,4,2,7
622.47,3,3,1,3
897.26,3,2,2,16
196.27,2,1,1,11
472.93,3,4,0,19
528.35,3,4,0,23
338.9,2,3,1,15
348.01,4,3,2,7
198.2,0,4,1,7
14.78,4,4,1,4
206.62,0,0,2,15
179.61,3,4,1,23
158.4,4,4,2,20
55.82,0,1,1,9
744.49,1,4,2,10
588.19,4,4,1,22
335.56,1,3,2,9
640.23,1,0,2,15
497.02,4,4,0,0
617.9,3,3,2,23
867.9,3,1,2,3
928.3,3,2,2,12
237.67,3,3,1,17
839.45,0,4,0,17
35.5,1,3,0,18
266.83,0,4,2,17
702.77,4,4,0,20
297.71,2,2,1,18
21904.89,4,4,1,7
540.5,4,0,0,18
939.49,4,1,0,8
454.52,2,0,1,15
99.66,2,3,2,6
707.92,3,4,0,18
123.25,2,3,0,6
10.5,2,4,0,3
486.14,2,4,1,11
620.03,0,4,2,3
788.88,3,0,2,2
36127.38,4,3,0,21
35640.87,4,2,1,16
560.16,1,4,0,21
180.92,4,3,0,9
166.09,0,1,1,11
549.41,0,3,0,5
993.09,2,0,0,14
618.32,4,0,1,20
160.39,2,0,0,8
969.65,1,0,1,22
544.25,0,0,1,11
191.94,2,4,0,3
852.59,3,4,0,3
509.24,1,0,0,22
25369.54,3,4,1,20
134.56,2,0,1,15
864.5,0,1,0,16
98.4,4,2,2,17
6675.74,2,4,0,11
574.84,2,1,1,8
47.63,0,4,2,17
339.08,3,2,2,10
526.9,3,0,2,17
148.1,0,3,1,5
79.43,0,2,0,13
493.84,1,3,0,21
41005.57,4,1,0,2
728.37,1,3,2,2
493.95,0,0,2,7
480.93,2,0,1,17
308.73,1,0,1,20
108.41,0,2,0,8
95.26,1,3,0,22
934.94,2,1,2,7
481.24,3,0,1,8
171.17,0,4,2,18
162.47,3,3,0,9
695.68,0,0,1,23
156.24,1,2,0,10
74.86,0,4,2,16
384.5,3,2,1,10
8740.0,3,4,0,16
188.79,3,1,0,19
594.72,4,1,0,18
289.43,4,1,1,6
858.75,1,0,2,23
851.73,1,1,0,23
111.45,3,4,2,19
781.93,1,2,1,9
777.91,0,3,2,16
691.65,2,4,1,7
63.21,4,1,1,12
173.62,0,1,1,14
630.96,3,1,2,15
277.19,1,0,0,12
550.97,1,1,1,23
54.27,0,1,1,19
360.32,3,0,2,9
645.07,3,3,0,21
465.36,3,4,1,10
213.96,0,0,1,10
143.34,2,0,2,14
692.52,3,4,2,0
455.39,4,3,2,3
99.72,2,3,2,23
754.72,0,4,1,10
506.75,2,4,2,5
509.03,0,0,0,19
394.18,3,0,2,7
499.6,3,2,1,4
43.68,1,3,1,12
678.39,3,2,2,15
543.0,4,0,1,1
33.56,2,4,2,1
772.59,1,1,1,11
89.46,0,1,2,14
45127.5,4,0,1,22
831.34,3,0,1,22
229.03,0,4,1,21
627.1,2,3,2,21
79.16,0,0,2,19
813.03,2,2,1,10
91.67,4,4,0,0
406.15,0,3,1,14
123.64,4,1,0,4
448.86,2,2,0,13
68.43,4,2,1,19
76.9,4,0,2,15
912.36,2,0,0,18
912.03,1,0,0,11
729.28,1,1,0,14
517.58,2,1,1,21
657.7,3,3,0,3
345.2,2,4,2,2
9.27,2,3,2,9
402.74,1,2,2,22
580.73,4,4,2,9
256.85,4,0,0,10
825.06,0,3,1,4
485.09,4,4,0,2
682.29,2,0,2,16
175.85,1,1,1,7
205.74,2,3,2,5
697.0,1,2,1,0
628.58,0,1,2,6
6.87,3,2,1,9
468.34,0,2,1,7
399.11,0,0,0,9
18.34,2,1,2,17
240.51,4,1,0,10
924.82,1,3,0,3
600.72,3,1,0,12
31233.23,2,0,0,23
874.17,3,1,2,18
910.78,3,3,2,1
769.14,3,1,1,8
223.25,4,4,1,5
761.31,2,0,1,2
200.08,2,1,0,15
958.71,0,3,0,6
92.31,1,1,1,18
32.76,1,0,1,18
758.0,3,1,0,23
944.28,0,0,2,14
362.78,1,2,0,17
473.97,0,0,1,3
239.54,4,2,2,10
186.93,3,0,0,16
115.19,3,2,2,18
776.46,3,0,2,4
489.88,0,3,1,14
773.48,1,1,0,22
67.02,3,3,2,0
394.98,0,1,0,13
322.9,2,0,0,14
865.19,0,4,1,5
974.15,0,2,0,1
510.01,1,1,0,10
49085.06,3,1,0,13
826.14,3,3,0,4
137.79,3,3,1,0
4.17,1,3,1,5
897.92,2,1,1,17
468.99,2,2,2,12
39838.36,2,2,0,13
114.15,1,4,1,5
352.0,0,1,1,16
754.99,2,1,0,16
850.27,2,3,2,22
365.85,2,2,2,10
832.24,1,3,0,10
850.39,3,1,1,12
845.92,3,2,0,11
393.01,0,0,0,0
32.45,0,2,2,5
672.56,0,1,1,22
227.25,1,1,1,21
177.8,0,2,2,23
435.97,0,0,0,11
499.64,3,0,1,15
630.3,3,2,1,14
1.81,4,4,2,21
706.19,4,2,1,19
50.72,3,0,1,17
91.13,0,0,0,19
105.04,1,4,1,15
809.18,4,2,1,10
992.75,0,1,0,10
803.57,3,2,2,16
747.99,2,3,0,5
361.52,2,2,1,17
42.19,0,1,0,12
240.97,1,4,0,6
730.79,0,2,0,13
342.35,2,2,2,2
955.1,4,4,1,8
654.74,3,2,1,10
549.06,4,0,2,12
229.35,4,4,0,16
218.41,4,0,0,20
706.35,0,1,0,8
99.5,2,0,1,20
564.22,0,2,0,6
678.82,1,2,2,3
133.95,4,3,0,7
735.82,2,3,0,21
274.31,2,1,2,11
100.62,3,2,0,13
101.29,4,0,1,20
414.46,0,3,2,12
163.81,3,0,0,17
989.69,3,2,0,19
690.12,0,0,1,14
480.71,2,2,1,17
37.34,1,4,0,19
260.9,2,3,2,9
492.92,2,1,0,20
219.53,4,3,1,23
70.51,0,0,1,11
768.83,2,4,1,4
544.32,3,0,2,3
856.41,4,4,0,2
889.89,2,0,1,3
273.99,1,2,2,7
599.28,4,3,0,17
907.07,2,1,0,22
642.95,3,2,2,0
442.0,2,1,2,7
29213.27,3,1,0,12
895.57,1,1,0,22
35.66,3,1,2,15
250.41,3,2,1,18
409.12,1,0,2,21
495.77,2,0,2,10
258.37,1,2,2,7
377.21,2,2,2,21
965.45,0,4,2,13
886.2,3,1,0,10
468.04,3,0,2,13
657.26,0,1,1,9
405.77,3,4,0,17
473.8,4,0,2,9
864.7,0,1,0,17
476.31,3,0,1,21
660.54,1,0,2,8
61.43,1,0,2,20
87.43,0,1,2,4
615.39,3,1,1,21
475.89,3,3,1,20
962.14,1,2,0,16
407.05,1,0,2,1
648.96,2,2,0,23
743.49,0,4,0,7
492.82,1,0,2,10
405.68,0,4,0,11
560.93,4,3,0,0
18.74,3,4,2,20
909.0,2,3,0,0
416.62,1,3,1,5
270.31,0,4,0,18
909.21,2,1,1,20
32.75,4,4,1,21
27296.09,1,4,2,3
35711.53,1,0,2,9
634.41,2,4,1,3
352.65,3,3,1,10
499.38,2,4,1,17
942.83,4,3,0,4
952.52,2,3,0,17
469.82,1,2,0,18
254.17,3,0,2,14
829.93,2,1,1,21
102.46,1,0,2,13
977.07,3,3,1,21
845.86,4,3,1,15
503.88,0,2,2,23
393.46,4,3,1,22
779.67,2,4,1,4
994.84,4,2,1,21
108.79,3,3,2,7
102.44,2,1,2,16
525.01,0,0,1,7
711.83,3,2,1,17
38.05,0,1,1,22
365.93,1,0,1,20
540.02,2,0,0,12
210.8,0,3,0,8
866.85,3,4,1,23
173.38,3,0,1,13
244.53,2,0,0,15
689.36,0,2,0,19
614.66,1,0,2,19
870.57,4,0,0,15
746.45,0,4,1,9
9686.13,4,3,2,2
233.26,4,4,1,13
43911.82,0,3,2,23
240.04,0,2,1,3
893.93,4,4,1,5
613.26,4,1,0,12
26232.48,1,3,1,10
7754.86,2,3,1,19
238.11,1,3,1,3
501.66,3,1,2,16
12078.84,4,2,2,20
480.92,1,0,0,22
633.28,1,4,0,9
831.39,3,2,1,4
372.52,3,4,1,22
870.04,2,2,0,3
667.91,1,2,1,0
867.91,2,3,2,1
121.14,3,0,0,7
923.81,0,0,2,17
170.38,1,0,2,14
132.45,3,4,2,16
345.3,1,2,2,5
872.18,0,3,1,22
153.79,2,3,0,22
636.73,4,4,0,2
687.31,1,4,1,17
502.64,1,0,0,12
294.09,0,0,0,10
599.18,3,3,1,23
597.54,0,0,1,14
573.62,4,2,2,8
388.75,2,1,2,22
599.94,4,2,1,13
907.49,2,0,0,18
898.65,4,2,2,21
780.53,2,0,0,20
500.13,0,2,1,23
905.24,2,0,0,13
999.01,1,4,0,9
510.88,0,4,2,4
373.79,1,2,2,19
1.87,3,4,1,16
872.0,0,2,0,18
51.83,4,1,2,22
921.58,4,4,1,11
342.66,3,3,0,8
177.67,4,0,2,2
810.05,1,3,2,4
990.44,4,3,1,8
57.44,0,2,2,18
382.85,2,1,0,6
35382.69,1,3,1,18
216.62,2,4,1,23
345.2,1,1,0,2
774.37,1,2,2,10
170.21,3,4,0,15
148.09,3,4,2,11
186.38,3,2,0,19
398.79,2,4,0,4
636.93,0,2,0,0
610.55,3,1,2,7
175.43,1,1,0,23
783.4,3,0,2,10
421.97,1,4,1,7
760.41,0,2,2,14
38.13,1,0,2,0
959.74,1,2,2,1
723.69,4,0,1,1
40753.27,0,2,0,17
856.6,3,0,2,23
142.95,4,1,0,4
640.74,1,2,1,0
602.66,3,4,2,16
164.84,4,0,2,13
353.22,3,4,1,9
465.26,3,0,1,17
724.22,4,0,1,4
321.7,0,1,2,9
405.42,0,2,0,21
831.52,0,0,1,12
263.09,0,3,1,13
87.05,3,1,0,15
410.97,0,3,1,0
420.81,1,4,1,13
566.49,3,3,0,3
695.81,0,3,2,22
877.12,3,4,1,14
917.0,3,1,1,8
666.0,0,4,0,15
303.85,1,0,0,1
380.69,1,4,0,3
186.22,4,3,2,23
821.34,4,4,0,2
99.67,2,3,2,8
331.46,1,4,1,20
766.14,1,4,0,15
543.25,4,3,2,14
173.12,2,0,1,18
956.19,3,1,1,4
460.01,4,1,0,7
152.13,1,3,1,1
413.74,0,1,1,9
446.75,1,2,2,4
385.09,0,1,2,16
784.69,1,0,0,15
644.65,0,4,0,3
9425.2,3,3,1,20
357.44,1,2,2,16
117.37,1,0,1,19
398.33,3,0,2,22
426.84,0,4,2,9
534.88,0,2,2,2
304.33,4,2,0,19
784.22,2,0,1,15
462.19,3,1,0,4
652.37,2,1,2,5
448.94,3,4,1,15
536.68,4,0,2,6
105.17,4,0,2,22
968.19,1,2,1,2
462.44,2,3,2,2
938.91,2,1,0,12
553.72,2,3,2,1
254.34,2,1,1,17
254.01,4,3,2,1
501.61,1,4,0,20
45.48,0,3,1,9
220.88,1,1,2,7
508.23,2,1,0,4
722.3,2,4,2,1
742.11,3,0,2,3
208.35,4,2,0,18
47.14,0,4,2,10
49.55,3,0,1,7
395.26,4,3,2,11
141.58,4,0,2,5
390.63,2,0,0,12
71.22,4,3,2,6
376.37,4,4,2,6
998.59,0,2,0,6
479.13,1,1,2,23
880.84,2,2,1,21
446.2,3,3,1,18
877.37,4,1,2,7
823.96,0,0,2,12
42.52,2,0,1,3
261.09,1,4,1,19
189.32,0,2,2,19
694.47,1,4,1,8
511.08,0,0,2,15
427.08,1,2,0,22
211.54,2,4,1,11
271.17,4,1,2,1
760.61,3,4,2,22
400.4,4,3,0,12
797.65,4,2,0,17
69.86,2,4,2,19
874.58,3,3,0,12
34224.98,4,3,1,16
165.45,2,4,1,1
966.56,4,2,1,7
29562.64,0,3,2,12
59.11,2,4,1,2
835.15,0,0,0,17
816.53,2,0,0,7
77.23,4,3,0,23
445.68,3,4,1,14
898.09,3,2,2,21
434.28,0,2,2,20
687.89,1,0,1,15
102.6,1,4,0,2
466.85,2,4,2,9
325.33,2,3,1,1
930.18,0,0,0,11
562.93,1,4,2,9
402.8,4,0,2,10
314.54,3,3,2,9
646.47,3,4,2,11
778.18,3,4,0,18
226.19,4,3,0,10
841.86,0,1,1,14
36.37,4,4,1,21
176.94,0,4,1,15
534.4,4,3,2,15
432.48,4,2,0,6
790.35,2,3,2,17
390.24,1,0,0,23
775.86,0,0,2,11
948.67,0,1,1,14
25417.69,1,3,1,22
727.79,1,2,1,11
498.89,4,3,0,15
15168.84,4,1,0,17
799.61,3,1,2,1
912.38,4,1,0,18
921.38,2,3,1,9
824.45,3,1,0,21
898.75,3,0,2,0
545.82,1,4,0,0
732.26,1,2,0,23
142.33,0,2,2,12
80.79,2,2,0,22
145.0,4,0,2,9
829.65,1,3,2,17
493.48,0,0,1,11
168.02,0,1,2,6
577.44,2,1,2,13
277.51,3,1,1,18
6246.92,2,3,0,15
877.56,4,0,0,18
434.34,2,1,1,6
204.39,2,0,2,20
8429.97,2,1,1,5
103.9,4,4,2,2
743.06,3,0,1,18
188.58,4,2,2,8
923.94,2,3,2,23
749.24,4,3,2,20
278.8,0,0,0,10
554.03,2,0,1,11
126.23,4,2,2,17
579.54,3,3,0,11
164.3,0,2,0,9
113.05,2,0,1,1
98.98,1,1,1,2
545.86,0,3,0,8
331.29,0,3,2,17
260.19,2,4,1,15
35189.1,2,3,1,4
895.04,2,3,2,22
85.1,1,1,0,11
463.64,1,0,0,22
381.37,3,1,1,10
185.32,2,0,0,13
944.61,0,3,0,1
170.87,1,1,1,15
620.8,2,1,1,12
897.4,3,2,2,19
51.38,2,1,1,0
62.16,3,4,0,4
281.29,2,0,0,2
713.32,2,0,1,18
995.51,1,1,2,10
119.99,3,4,1,9
954.53,0,1,1,5
776.72,2,3,1,11
865.67,2,1,0,9
286.15,4,1,0,1
886.84,2,1,2,21
544.32,1,1,0,8
77.25,3,2,0,14
764.89,0,0,0,21
19.13,0,1,1,5
44.58,3,4,1,22
660.08,3,2,0,18
247.73,3,3,2,9
974.78,1,1,0,18
961.17,1,2,0,7
652.77,4,2,0,18
575.84,0,0,2,3
632.33,0,2,2,4
498.83,3,0,1,18
582.24,0,2,1,11
17.58,1,3,2,7
235.73,3,3,2,5
502.34,4,3,0,8
911.28,4,4,1,22
508.08,3,4,2,22
620.21,1,1,0,9
61.24,2,3,1,5
225.22,4,0,1,0
48.31,3,1,0,7
801.5,2,3,1,17
568.94,3,2,1,16
881.52,3,4,1,4
307.56,1,2,1,15
641.67,4,3,2,20
446.86,3,2,0,21
290.96,2,2,2,15
610.54,0,1,1,14
549.15,4,3,1,14
167.67,1,1,2,15
930.11,0,1,0,14
886.7,1,3,1,13
875.91,2,3,0,11
953.89,4,4,0,21
566.73,2,1,0,2
533.94,2,3,2,10
820.81,3,1,2,9
337.4,2,4,0,19
29577.36,2,0,1,10
83.26,3,0,0,11
518.46,2,2,1,20
734.88,1,0,0,23
118.79,4,4,2,16
33.63,2,4,0,2
378.99,4,1,0,17
112.32,3,0,1,5
305.01,3,4,0,23
760.01,4,1,1,16
449.65,0,2,2,0
773.65,4,2,2,5
115.15,1,3,1,14
606.43,4,3,0,0
364.31,1,0,0,10
304.56,1,2,1,11
993.33,2,1,2,16
842.32,2,2,2,14
122.12,4,0,2,10
778.26,3,0,0,16
337.27,1,0,0,11
20356.32,3,2,0,5
923.08,0,2,1,17
69.29,2,0,1,15
730.04,3,3,2,21
896.48,4,3,1,18
688.61,4,1,2,16
195.53,0,0,0,13
189.68,3,4,0,11
75.79,0,4,0,7
304.27,2,3,2,8
437.08,0,0,0,15
827.64,1,3,0,13
211.66,2,3,2,12
477.94,0,3,0,4
381.55,0,4,1,4
193.71,2,0,2,0
37233.41,4,3,1,8
745.87,4,2,2,9
795.47,2,3,0,8
213.58,1,0,2,7
427.42,3,4,2,7
178.21,3,1,1,9
480.2,1,3,1,4
261.16,3,0,1,13
826.41,2,3,2,0
553.34,0,3,1,16
646.56,3,0,1,11
812.06,1,1,1,20
516.71,0,0,1,6
64.94,4,1,0,10
1.71,1,3,1,1
353.23,0,4,1,19
410.69,1,1,2,6
718.74,0,4,0,12
535.49,0,3,2,12
704.58,3,1,0,22
811.33,1,2,1,18
64.75,4,3,0,10
382.76,2,2,1,5
532.18,1,2,1,16
404.72,4,4,0,13
835.12,1,1,2,8
351.95,0,4,0,3
717.93,4,1,1,4
374.11,4,4,0,2
336.97,1,2,1,12
664.92,3,0,0,9
716.84,4,3,1,15
450.48,3,2,1,18
470.4,1,2,2,9
524.44,1,3,2,14
182.99,0,0,0,2
755.15,3,0,1,17
681.5,4,3,1,8
329.28,1,0,2,18
369.42,3,2,2,22
741.77,2,4,2,12
253.44,2,3,1,6
998.09,0,2,1,3
358.13,4,2,0,10
95.82,3,4,1,20
46.1,1,3,0,20
179.66,2,1,2,4
790.33,4,1,2,6
296.31,1,2,0,16
907.09,4,3,1,17
605.39,4,3,0,1
152.16,3,4,0,10
417.49,0,1,1,16
179.02,4,0,2,21
840.75,3,3,0,16
34.94,4,4,1,15
714.35,1,1,1,12
430.34,1,1,2,4
783.93,2,0,2,0
888.94,2,3,1,10
520.07,1,2,1,15
848.05,3,4,1,7
187.55,4,2,1,15
675.26,0,4,2,18
506.14,4,1,2,11
435.59,0,3,2,4
266.81,4,3,1,10
14403.64,3,3,1,5
461.44,2,4,1,10
485.03,1,0,1,1
41450.7,1,4,2,12
21.51,1,4,0,5
347.21,3,1,1,14
739.43,4,3,0,21
643.08,3,1,1,19
465.72,2,4,2,7
561.07,2,1,2,21
654.94,4,1,2,21
726.2,4,0,0,5
947.72,1,0,1,8
547.05,2,4,0,3
132.32,4,2,2,17
45.02,3,3,1,23
813.83,0,1,2,15
418.26,3,3,2,3
219.66,2,4,2,20
367.61,2,2,0,5
472.01,2,1,1,8
591.24,1,2,0,3
734.48,3,1,2,14
87.25,2,4,2,18
677.07,4,2,0,11
801.55,0,4,1,20
197.63,1,0,0,8
438.59,0,0,0,9
33.33,2,4,0,4
913.95,3,4,1,7
48.97,4,4,0,21
566.09,2,1,2,6
79.6,2,2,1,10
122.04,4,3,2,3
159.59,2,2,0,16
656.19,1,1,0,1
562.08,4,2,1,17
287.79,0,3,1,4
323.13,4,0,1,14
979.52,1,4,0,21
395.96,2,0,1,14
213.85,3,1,2,23
284.55,3,0,2,11
682.14,3,2,1,7
529.49,3,3,0,13
165.94,2,0,1,16
338.73,1,3,2,8
480.62,1,3,0,6
84.98,0,1,2,12
49.45,3,4,0,18
919.01,1,4,2,19
853.08,0,4,2,2
428.37,4,1,1,20
143.59,4,3,1,6
985.79,1,1,2,18
745.64,2,3,1,20
24743.67,4,4,1,21
526.95,2,3,0,7
46693.84,3,0,0,16
31921.31,2,3,2,15
824.67,4,1,0,7
779.57,3,0,1,4
375.62,0,4,0,15
350.94,3,1,0,7
195.7,3,0,1,2
741.86,3,1,0,7
876.63,1,4,2,22
439.59,2,4,1,3
151.3,1,1,2,9
330.39,3,0,2,16
37233.9,1,4,0,1
763.16,3,1,2,4
328.63,3,2,1,19
661.33,0,3,2,21
848.24,3,4,1,3
967.89,4,1,0,19
42.35,0,3,1,5
101.67,3,3,2,12
854.13,3,4,0,5
244.01,1,0,2,13
523.24,4,4,2,16
411.78,3,3,2,12
99.04,2,0,1,5
667.38,0,1,2,21
515.0,1,4,0,11
519.8,0,0,0,4
26.5,4,1,0,13
809.61,0,1,1,14
559.56,0,4,0,17
452.53,4,3,0,4
550.83,1,1,2,13
988.66,4,2,1,23
11.01,4,0,2,14
502.52,1,1,0,9
635.47,3,0,1,9
782.74,2,1,1,1
403.57,3,1,0,20
720.88,1,1,2,22
62.7,1,0,1,3
67.35,1,4,1,11
996.95,1,0,1,23
35414.62,1,0,0,0
325.99,1,0,2,11
52.35,1,1,2,15
619.3,4,3,2,20
414.32,4,2,1,19
248.39,2,2,1,3
489.08,0,4,0,2
182.87,2,3,1,18
113.12,1,1,0,6
937.32,2,2,2,15
277.97,1,3,1,17
175.25,3,0,2,8
518.8,3,2,1,22
534.68,1,3,0,23
505.98,4,1,1,22
984.42,2,0,0,6
866.74,0,3,0,4
327.82,2,4,1,16
903.58,3,1,2,13
288.24,4,1,0,6
791.41,2,2,1,5
562.19,1,3,2,1
921.62,3,2,0,13
350.57,4,0,0,7
249.54,3,3,1,15
271.34,3,4,0,3
579.1,3,0,0,1
555.3,4,3,1,4
756.8,2,0,2,20
490.18,3,4,0,2
934.36,4,4,0,14
717.62,0,0,2,21
655.77,2,4,0,23
974.07,1,2,1,8
390.84,1,0,1,2
791.46,3,3,0,5
8487.34,1,3,0,8
822.8,4,1,2,23
38813.5,3,1,0,11
490.94,1,1,2,11
166.87,1,1,2,2
434.66,3,0,0,20
279.94,1,2,2,2
282.6,3,4,2,2
57.52,2,1,2,19
690.54,0,3,1,5
293.82,1,2,0,0
927.04,4,3,2,2
37.84,4,3,2,5
26712.63,4,2,1,17
167.9,1,2,0,3
475.07,2,3,0,17
49.29,1,2,2,17
297.18,2,1,0,8
127.66,3,4,1,23
196.96,0,3,1,15
831.32,1,3,0,16
303.69,4,3,1,11
652.27,4,0,2,19
732.25,0,4,1,6
435.28,3,4,1,1
199.1,2,3,2,10
265.54,2,4,1,19
37227.73,4,2,0,10
277.64,4,3,1,6
964.55,2,4,1,13
314.29,4,3,0,2
316.92,3,3,2,19
839.76,4,1,0,15
26357.53,2,1,0,8
36235.38,3,4,2,13
582.87,3,3,0,14
880.96,3,0,0,0
504.93,2,1,2,3
509.76,1,3,0,0
695.48,1,3,2,21
330.08,3,4,0,14
934.88,1,3,0,19
396.07,1,2,1,22
252.79,0,2,2,22
722.26,1,2,1,0
197.43,2,1,2,1
516.41,4,2,1,16
575.29,4,1,0,7
294.19,0,4,1,23
413.79,2,3,0,16
776.5,3,1,1,4
336.07,0,2,1,1
732.72,0,1,2,19
646.39,1,2,0,17
723.1,2,1,2,23
14119.06,2,0,0,23
639.18,0,3,0,16
563.71,1,3,1,13
245.55,3,1,2,20
286.16,4,2,2,22
266.99,4,3,0,4
641.1,3,4,2,10
222.48,1,1,1,7
197.15,3,0,1,11
48519.44,0,1,2,21
182.64,4,2,1,11
160.37,1,3,1,20
283.19,0,1,0,7
345.17,2,2,0,3
241.44,2,3,1,13
39800.07,4,1,1,3
697.68,3,1,0,17
970.31,1,0,2,19
307.5,1,3,2,20
376.49,0,0,1,18
331.06,3,3,0,0
684.01,0,0,1,8
671.46,3,0,1,0
488.84,2,3,2,5
552.45,0,1,0,18
854.45,3,1,2,5
130.58,4,2,2,20
33676.2,4,0,0,6
690.77,4,2,0,0
622.29,3,4,2,7
265.91,0,1,2,17
154.47,2,1,1,8
816.27,0,3,2,23
357.71,4,3,2,23
117.37,0,4,0,11
470.77,3,2,0,14
654.82,1,2,0,11
138.24,4,1,0,10
876.19,2,3,2,6
322.39,4,1,2,3
498.75,3,4,1,15
351.81,0,2,1,18
416.58,3,3,2,3
864.44,3,1,1,14
632.85,0,2,0,17
102.37,2,1,2,14
628.15,2,0,1,13
604.06,0,4,0,22
992.54,0,1,1,19
415.22,3,0,1,19
361.59,2,3,2,23
37380.56,1,4,1,13
482.76,4,4,0,0
928.97,1,2,1,17
70.77,0,0,0,1
313.4,2,3,0,17
144.84,3,1,2,0
871.84,4,4,2,1
9.97,1,0,2,9
709.52,2,1,0,9
575.49,4,4,1,1
605.03,0,2,2,10
345.47,4,0,0,21
139.13,1,3,1,18
596.57,4,4,1,1
812.0,1,0,1,2
325.53,4,2,1,3
559.46,0,0,2,22
183.38,4,4,0,9
181.81,3,3,1,0
830.85,4,1,1,8
609.89,3,2,2,11
483.82,3,2,2,0
697.44,0,0,0,13
440.81,1,1,0,19
43912.28,4,3,0,14
337.71,1,4,2,8
596.46,2,2,1,17
331.98,2,3,0,18
12.15,2,2,0,9
961.39,1,4,0,20
260.47,0,3,2,0
227.25,3,1,2,18
652.92,3,3,2,8
95.44,3,0,1,15
434.01,4,0,1,22
204.72,2,1,1,8
607.84,2,2,2,3
742.84,1,1,0,13
102.63,4,3,1,22
119.16,2,4,0,19
519.22,3,3,1,4
277.25,4,4,2,21
719.89,2,0,2,16
351.3,2,0,2,7
555.69,0,2,0,12
29.1,4,1,0,22
61.41,3,2,0,4
109.86,2,4,1,19
966.93,4,2,0,22
704.2,3,2,2,0
275.75,4,1,0,15
286.57,1,0,2,22
14.56,1,1,2,23
79.6,3,3,2,2
214.61,2,4,2,3
164.59,2,1,2,11
422.28,0,3,0,19
582.08,0,1,1,10
364.43,3,4,2,8
408.22,3,2,1,21
419.86,2,1,1,23
386.59,2,3,0,14
742.06,0,1,0,1
941.91,3,3,2,17
362.63,0,4,0,17
414.54,2,4,0,10
5532.05,1,2,2,23
315.4,3,4,2,3
879.13,4,2,1,2
132.44,0,3,0,1
632.78,1,0,1,5
870.15,3,0,0,1
834.76,1,2,0,11
228.07,0,1,1,0
859.64,3,4,0,8
361.56,1,1,2,20
892.93,1,3,1,9
692.2,3,1,1,0
398.72,0,3,2,10
897.2,0,1,2,3
669.36,3,4,0,11
932.85,3,3,0,2
948.48,4,2,0,4
381.22,1,0,0,23
817.09,0,0,0,4
962.04,3,3,0,17
730.82,1,1,2,7
494.91,0,3,0,17
358.77,3,4,0,4
589.13,4,1,0,21
79.75,4,0,0,1
168.23,3,3,0,12
76.87,3,3,0,21
582.95,4,0,2,23
593.52,1,4,1,18
936.37,1,1,0,17
112.7,3,3,1,11
437.64,0,2,1,19
533.21,4,3,2,3
967.7,3,0,0,7
79.01,3,1,0,23
5.8,1,1,1,19
698.04,4,2,2,3
58.36,1,0,0,19
569.78,1,2,1,0
973.68,4,4,0,1
234.39,2,2,0,1
357.58,4,3,2,1
947.2,2,0,0,0
831.77,3,0,2,13
503.12,2,0,0,1
490.06,0,1,2,3
106.96,1,4,1,8
155.45,1,0,1,12
499.94,1,4,2,13
32.0,3,1,1,3
816.85,3,4,0,0
70.42,0,4,0,3
645.81,1,0,1,15
157.28,1,2,1,15
268.26,3,4,2,20
592.83,1,4,2,17
121.57,4,2,1,13
295.42,2,0,1,10
341.91,4,3,2,3
344.93,4,3,0,4
75.04,3,2,2,8
35942.08,3,3,1,6
998.38,2,0,1,16
929.26,1,2,0,13
258.95,2,2,0,8
380.71,4,3,0,20
190.23,0,2,1,14
556.42,0,0,2,7
700.32,4,0,1,18
951.4,1,0,0,19
534.97,3,3,0,4
906.71,3,3,2,17
460.7,1,3,2,13
542.2,1,4,0,13
227.37,3,2,1,22
316.07,3,4,0,21
783.9,3,0,1,9
75.61,0,0,2,3
564.26,2,2,0,7
815.0,0,4,2,15
124.51,0,3,0,0
101.36,2,3,2,3
227.81,3,0,2,16
6343.35,3,2,0,15
419.79,4,1,1,0
231.97,3,1,1,1
672.53,3,3,2,18
982.07,3,0,2,17
681.32,0,1,1,12
33.81,3,3,0,16
935.72,1,0,1,5
311.55,2,3,2,14
965.78,3,3,0,23
822.24,2,1,2,17
602.62,2,4,1,23
319.86,1,3,1,11
397.3,4,2,0,8
962.39,1,3,0,20
152.97,2,2,2,15
491.89,4,4,0,11
478.86,3,4,1,3
721.49,1,1,2,10
387.9,2,0,0,11
479.2,0,4,0,5
845.06,4,1,0,0
33237.58,1,3,2,15
18043.4,1,1,0,19
389.53,1,0,2,16
764.47,2,2,1,9
501.1,3,1,0,11
37.96,3,1,0,11
555.04,4,1,1,22
460.14,4,3,2,16
750.91,0,0,0,8
747.56,1,1,2,20
907.99,0,4,0,1
554.43,1,0,0,10
947.6,1,1,2,23
466.94,3,1,1,4
460.7,2,4,2,12
21933.12,0,0,0,15
991.53,0,1,1,9
159.51,0,0,2,3
485.69,4,4,2,11
537.1,0,1,2,1
398.45,2,1,2,7
486.47,1,3,2,17
169.22,0,1,1,2
491.88,2,0,1,17
889.74,2,3,0,11
110.41,2,4,2,14
952.16,4,2,2,13
148.51,3,4,0,18
872.1,2,3,1,18
5473.67,4,0,0,13
617.05,4,0,2,11
887.06,4,1,2,8
667.68,0,2,0,23
196.02,1,1,2,11
813.41,2,0,1,14
313.11,0,0,0,20
355.42,3,0,2,3
133.18,4,1,1,12
216.9,2,2,1,4
17110.16,1,3,1,0
810.5,4,1,1,6
878.22,1,2,1,21
957.88,2,0,2,4
499.31,1,0,2,22
25664.73,2,2,2,9
316.41,3,2,1,14
203.08,4,3,0,0
407.09,4,4,0,2
210.05,1,1,0,10
424.18,0,0,0,20
251.66,1,4,2,12
478.75,4,3,2,7
692.06,4,1,1,16
769.57,2,1,1,17
60.18,2,1,1,4
934.0,1,1,2,16
590.86,2,3,1,3
523.62,2,3,1,10
210.8,2,4,0,12
862.67,2,4,0,8
42726.73,3,0,1,15
810.97,2,4,1,14
135.36,4,0,2,20
904.4,3,1,2,17
352.23,4,0,1,3
33740.09,4,0,0,11
418.65,2,3,1,21
886.86,1,3,2,5
262.73,0,4,0,16
194.96,0,3,2,4
908.51,1,1,0,10
2.35,2,4,1,7
185.07,3,1,2,8
531.31,0,4,1,16
681.9,2,4,1,17
941.76,4,3,1,22
584.67,2,0,2,4
637.38,3,3,0,13
863.29,2,0,2,19
421.98,3,0,1,22
959.05,2,3,1,4
683.23,4,3,2,13
466.02,2,0,1,6
314.19,1,4,2,12
363.88,2,4,0,18
166.31,1,0,1,6
134.89,4,2,0,5
250.32,3,2,2,10
53.4,0,2,2,16
178.42,2,3,0,17
578.25,3,3,0,16
411.81,3,2,1,21
968.39,2,2,0,11
361.06,0,4,2,21
647.45,2,0,1,9
319.81,4,4,1,22
558.11,2,3,2,4
164.35,0,0,1,12
259.68,0,1,0,9
804.88,4,0,0,21
892.37,3,4,0,16
275.64,3,0,2,0
183.41,4,3,2,1
924.41,1,4,2,14
332.0,4,1,1,3
276.88,3,2,1,9
363.6,3,4,0,6
474.62,2,1,2,6
32531.01,0,4,1,1
20686.25,0,1,2,2
82.15,0,2,1,17
136.47,4,3,1,1
452.05,1,0,0,0
990.64,0,2,1,20
705.01,0,1,2,9
316.85,1,1,1,21
928.97,3,1,0,13
179.06,0,3,1,3
786.18,4,4,2,20
559.1,1,0,0,14
831.74,3,3,2,7
831.76,4,2,0,12
591.24,3,4,2,1
921.16,4,1,0,10
36.14,2,0,0,3
389.7,1,3,1,21
124.71,1,0,1,3
315.09,0,4,2,21
37214.34,0,4,1,2
286.96,1,2,1,8
367.93,4,0,0,11
471.89,4,1,0,15
193.78,2,1,1,20
592.39,1,1,1,20
98.96,2,2,1,2
80.77,1,2,1,3
941.76,2,0,0,13
328.19,3,4,1,17
208.72,3,3,0,20
28581.4,1,1,0,19
644.4,3,0,1,19
535.15,3,4,1,23
502.58,4,1,1,15
519.37,0,4,1,8
22694.63,2,2,2,11
37.29,3,0,2,0
412.35,2,4,1,16
709.22,2,4,1,4
451.55,2,4,2,9
88.85,2,3,0,2
711.68,3,3,1,5
272.95,2,3,0,12
646.33,4,1,1,7
25141.43,3,4,2,6
35905.78,1,4,0,11
658.17,1,1,2,6
401.64,4,0,1,15
528.59,4,0,1,10
800.42,1,0,0,14
731.45,2,2,0,16
813.6,2,3,1,7
283.79,4,3,2,13
328.9,1,0,2,16
1.15,0,4,0,9
412.86,4,3,1,4
663.03,0,4,2,20
526.13,3,4,0,3
27887.95,2,3,2,23
81.37,1,2,1,22
996.21,3,1,0,23
483.11,2,4,2,19
301.94,0,2,1,13
266.92,0,1,2,20
881.29,1,0,0,11
321.52,0,4,1,16
973.3,1,3,2,9
958.42,0,1,2,7
697.23,0,2,1,7
661.87,4,1,2,11
10.05,3,3,2,10
495.58,1,2,0,4
123.46,2,0,1,8
22612.48,3,1,0,17
800.25,4,4,0,15
12558.73,1,3,1,4
477.67,1,0,0,0
350.22,1,2,1,4
797.98,0,0,0,1
161.62,0,3,0,15
500.7,3,1,1,21
691.82,2,1,2,3
177.09,4,3,2,2
5.38,1,1,1,1
344.28,2,1,2,9
750.78,3,4,2,5
464.83,1,2,1,1
180.73,1,4,0,22
676.81,1,4,1,6
101.02,2,1,1,18
84.82,0,3,2,13
134.05,0,4,0,9
457.47,1,4,2,5
643.37,3,0,1,16
618.14,2,1,2,21
145.31,0,1,1,17
676.83,1,4,0,23
516.66,3,2,1,13
271.09,4,0,2,22
242.11,4,4,2,23
539.62,1,1,1,3
923.5,0,1,1,12
103.59,3,4,0,0
879.89,3,1,1,17
177.25,3,0,2,7
597.65,2,4,1,14
623.5,0,3,1,21
513.51,2,3,0,21
766.63,2,3,0,23
149.23,4,0,2,8
507.7,4,4,2,15
475.97,1,2,2,16
515.55,4,0,0,3
765.09,2,1,1,6
349.32,0,3,0,4
425.4,4,3,0,23
90.97,4,0,0,16
302.27,3,2,2,6
351.87,2,3,0,14
728.54,3,1,1,6
297.53,4,4,0,0
688.91,3,1,2,7
946.51,2,3,2,11
61.87,1,0,1,10
651.62,1,1,0,14
160.38,0,3,1,4
345.11,4,3,1,10
22.51,2,2,0,1
799.65,2,0,0,8
594.56,0,2,0,2
450.01,0,2,2,12
13835.27,3,4,1,19
29172.72,3,4,2,10
50.07,0,3,0,15
414.57,2,0,0,0
934.61,1,3,2,18
171.15,4,0,1,14
207.31,0,3,2,19
604.6,1,0,0,23
248.55,2,4,0,8
887.8,1,3,0,17
541.09,4,1,0,18
631.82,0,2,1,23
27.36,2,2,1,0
768.39,0,0,1,4
193.35,0,0,0,18
330.02,1,2,2,13
977.92,1,4,1,19
96.7,4,3,2,19
868.31,0,0,1,12
908.99,0,1,1,11
6923.12,2,2,2,11
996.86,4,0,0,10
898.85,1,3,1,17
232.92,0,3,1,18
74.8,2,4,1,19
291.29,2,2,1,18
285.64,0,0,0,13
37.65,0,0,2,10
676.21,4,3,2,5
936.36,1,4,0,23
722.03,3,3,0,3
828.08,1,0,2,14
782.68,2,3,0,20
815.46,3,3,0,8
940.74,0,3,1,20
411.13,4,2,2,22
396.34,1,2,1,7
847.98,4,4,0,1
296.01,1,4,2,11
656.57,2,3,1,7
838.94,3,0,1,1
46316.53,3,2,1,3
833.45,0,2,2,19
332.62,3,1,1,23
568.17,4,3,0,8
575.91,3,2,2,20
716.03,2,4,0,1
320.53,1,1,0,3
137.61,2,0,2,18
244.29,0,0,0,23
263.23,1,2,1,12
793.06,1,2,0,9
850.93,3,3,1,9
348.03,1,1,2,15
753.65,0,1,1,17
29052.68,2,1,2,9
717.3,2,0,1,17
432.92,3,3,0,5
132.48,3,4,2,19
289.48,4,4,2,16
135.14,3,3,0,10
303.55,1,3,1,9
8640.04,2,3,2,19
161.1,1,2,1,2
890.97,0,0,0,14
316.48,4,2,2,21
557.77,4,3,1,13
956.25,1,1,1,21
383.02,3,0,2,5
908.51,2,2,0,20
131.7,2,1,0,15
979.9,2,4,2,23
732.78,1,1,1,19
29.46,3,3,2,1
596.79,4,1,0,17
494.29,4,0,0,15
740.64,3,0,0,4
1.82,0,4,0,0
282.9,2,3,1,21
384.08,1,1,0,22
266.84,3,0,0,6
705.8,1,0,2,21
299.54,0,2,1,20
32.57,3,2,0,0
129.64,0,1,1,13
367.5,0,2,2,15
386.35,3,3,1,19
927.0,2,0,1,2
639.16,3,1,1,0
83.45,4,0,2,12
26.43,2,0,2,7
601.62,0,2,0,11
764.4,2,1,1,1
275.23,0,2,1,10
18017.56,4,0,2,4
589.15,2,0,0,12
825.63,0,4,1,18
730.93,4,2,1,1
707.69,0,4,0,0
24.91,0,3,0,22
111.67,0,3,1,15
991.78,4,3,0,19
33885.62,1,4,1,12
6285.47,2,4,2,23
312.14,3,1,2,17
584.66,3,0,0,5
19.02,1,2,2,5
676.26,4,0,1,12
486.78,2,2,1,15
699.45,0,2,2,13
56.06,2,3,0,18
847.62,1,3,2,5
630.01,4,0,2,10
451.56,3,1,1,3
594.38,4,0,1,6
484.8,0,0,1,19
446.96,3,4,1,15
936.21,4,1,2,19
187.76,4,3,2,7
9819.19,3,2,1,19
204.1,1,3,0,6
182.31,1,3,0,4
221.86,1,3,0,1
187.55,0,3,0,7
222.32,4,3,1,2
85.23,4,3,0,10
422.7,2,4,2,17
203.18,2,0,2,14
169.19,1,4,2,7
546.81,1,4,1,19
574.03,1,3,2,17
984.9,1,4,0,2
428.04,3,1,1,8
393.86,1,3,0,15
29.92,0,3,2,2
825.38,4,0,1,20
461.6,2,2,2,20
298.26,0,3,1,18
323.05,4,4,2,14
233.13,3,2,1,8
67.44,4,1,2,9
16797.01,1,1,0,22
706.28,3,4,1,18
897.68,1,4,2,19
390.72,1,3,1,19
507.26,1,0,0,16
610.75,2,2,0,8
935.19,2,1,0,22
611.8,4,1,0,7
789.73,0,0,1,5
207.71,2,3,0,21
436.18,2,4,2,12
652.19,1,1,1,4
379.07,2,0,2,17
948.93,4,0,0,21
780.94,1,3,0,1
154.07,3,0,0,20
361.84,0,1,1,16
601.62,2,2,2,1
528.85,4,2,0,8
434.32,2,0,1,12
52.9,3,0,1,13
159.98,1,2,0,18
14487.33,1,0,2,13
573.51,0,3,1,3
140.69,3,4,2,21
987.05,4,0,2,16
853.86,1,4,1,1
160.47,1,4,1,23
157.22,1,2,1,1
404.33,0,3,1,0
257.27,4,0,0,12
154.88,2,3,0,20
214.33,0,4,2,0
859.04,4,0,1,9
900.68,3,4,0,13
551.63,2,3,2,5
437.49,1,3,1,16
47426.42,2,2,1,11
788.27,1,2,0,4
686.6,0,4,2,20
986.23,4,2,0,9
270.48,4,4,1,13
777.85,2,0,2,14
757.11,0,0,1,17
263.17,4,1,2,4
875.22,2,4,1,23
352.61,1,1,0,9
799.52,0,3,2,16
280.24,4,0,0,16
267.09,2,2,0,8
524.82,4,2,0,16
177.27,0,3,1,4
600.29,1,3,1,16
83.4,3,3,1,12
920.38,0,1,0,15
600.3,1,4,1,7
999.26,3,3,0,0
495.82,3,1,0,19
567.94,4,4,2,8
580.58,4,1,0,23
745.77,0,0,0,11
422.45,2,1,1,0
244.48,3,4,0,23
851.83,1,4,1,20
250.05,1,2,1,18
32326.05,4,2,0,11
401.5,2,1,2,10
6.6,3,2,0,21
406.63,3,1,2,16
996.32,3,2,2,8
166.86,2,1,2,9
544.22,3,2,1,7
601.13,3,2,1,17
372.63,3,1,2,17
917.93,2,0,0,7
529.79,2,0,1,8
814.06,3,3,2,22
708.56,4,0,1,1
643.32,3,1,2,3
429.06,0,3,2,10
811.13,2,3,0,20
741.95,2,2,0,0
30972.71,1,0,0,23
634.83,2,3,0,21
825.89,4,0,1,22
263.66,4,1,2,8
770.26,4,0,0,4
271.86,4,3,1,7
5.28,4,1,0,4
49782.18,2,4,1,4
325.55,3,0,1,12
134.69,2,2,0,5
623.44,4,2,1,22
420.26,1,3,2,3
132.26,2,2,1,3
564.59,2,2,1,11
470.48,3,0,1,9
154.36,1,4,2,9
939.32,3,3,0,13
413.9,0,0,0,16
560.99,0,2,2,22
535.22,2,1,2,15
43572.85,2,1,0,9
389.02,4,0,1,0
145.04,4,0,2,8
331.68,3,2,2,11
205.55,1,2,0,18
100.59,4,0,2,14
523.96,4,0,0,19
428.62,0,0,1,23
941.46,3,3,0,14
747.59,2,0,0,6
528.18,2,0,0,19
669.65,2,0,2,6
329.92,1,4,1,8
833.16,4,3,1,9
244.9,3,4,1,18
15174.37,3,4,1,13
42.24,0,1,2,6
723.29,1,4,1,12
718.84,1,3,2,1
81.35,0,2,2,9
979.07,1,2,2,20
185.71,3,2,0,8
268.35,3,0,1,3
524.75,3,3,1,0
182.99,4,4,2,19
62.78,0,4,2,12
302.07,1,1,0,23
228.42,3,0,2,20
649.18,1,4,2,22
400.39,0,4,0,13
19458.01,2,0,0,16
377.06,4,4,0,10
4.65,2,1,1,19
141.03,4,4,2,11
958.92,2,4,1,21
690.74,1,4,1,6
373.31,1,1,1,11
488.92,2,0,0,12
700.96,3,2,2,3
309.53,2,2,1,18
264.9,3,1,2,0
518.15,1,1,1,7
434.35,2,3,2,14
494.07,2,1,2,6
857.31,0,3,0,22
849.35,1,3,0,20
186.45,0,3,0,13
139.44,3,2,0,13
408.83,3,3,2,4
535.62,1,1,1,7
892.19,4,0,2,13
228.19,0,1,1,10
278.02,3,2,1,7
589.94,3,1,0,16
956.9,2,0,2,0
192.08,4,3,2,3
18.83,4,4,2,8
537.62,2,1,1,11
368.83,3,2,0,6
418.95,1,4,2,17
888.55,3,4,1,21
873.39,2,4,0,19
866.35,4,0,1,10
844.2,3,3,1,4
545.78,0,0,1,4
808.36,0,0,0,21
21173.01,3,2,2,19
408.44,1,1,1,11
791.27,3,0,1,7
481.72,4,4,1,13
569.69,1,0,0,7
146.69,4,4,0,6
726.39,2,2,1,21
934.5,0,3,0,15
483.96,4,1,2,18
117.88,1,4,2,0
97.22,4,2,1,5
954.08,3,1,1,0
845.06,0,2,0,20
579.35,3,4,2,3
709.65,4,1,0,10
202.28,0,4,0,5
17.63,1,1,2,9
383.27,4,2,0,15
413.92,0,0,0,15
658.98,0,0,1,21
45.16,4,2,2,21
47125.74,0,4,2,9
193.28,3,1,1,23
54.86,0,3,0,14
179.11,4,0,0,14
17817.67,4,0,1,10
35072.79,0,4,0,8
552.18,4,0,1,0
707.91,1,3,0,22
593.79,0,4,1,11
414.59,2,3,0,9
942.35,1,2,0,10
625.67,2,1,0,21
265.2,2,3,2,9
40.45,2,3,1,8
310.45,1,0,2,22
249.76,2,2,1,16
777.88,2,4,0,17
128.7,2,4,0,6
162.29,0,0,1,3
40.78,0,0,1,18
686.55,4,1,1,22
350.25,2,3,2,13
761.97,0,4,2,17
301.83,3,0,2,15
748.6,3,4,1,4
506.91,2,1,0,9
928.39,2,1,1,7
957.24,4,0,2,2
63.12,0,2,1,22
703.33,0,1,2,12
499.75,3,1,1,10
36.88,3,4,0,16
267.5,1,2,2,23
976.03,2,4,2,14
440.28,1,1,1,19
49165.67,1,2,1,5
213.59,3,2,2,5
608.03,4,4,1,13
40.96,0,3,0,10
163.02,2,3,0,11
984.19,3,0,0,21
807.52,0,1,0,13
448.25,3,4,0,19
565.36,1,3,2,23
906.16,3,2,1,1
895.44,0,0,2,19
533.5,3,2,0,3
362.5,0,1,1,18
94.53,2,0,1,12
181.69,3,1,1,21
851.88,0,2,2,19
459.32,1,3,0,12
632.0,0,1,0,13
870.82,1,3,2,0
47677.65,3,1,1,13
72.98,2,1,2,2
807.2,4,3,0,15
620.97,2,2,0,9
488.4,1,0,1,11
41863.04,2,3,1,4
322.22,4,4,0,12
230.28,1,0,1,8
976.62,2,2,2,17
488.65,2,1,0,20
331.99,2,3,1,0
308.32,3,4,1,5
909.73,2,0,1,15
517.1,4,0,0,22
803.81,0,3,1,11
220.09,3,3,2,3
455.98,4,0,2,23
395.28,4,3,2,8
890.57,1,0,2,10
333.38,0,0,0,5
821.08,0,4,1,6
15065.28,4,3,1,8
629.22,3,3,0,0
938.74,0,2,0,7
226.69,2,4,2,16
310.14,1,1,0,12
196.18,0,1,2,14
20.71,3,0,1,5
426.77,0,1,0,12
116.61,1,3,2,23
45939.93,1,2,1,13
43621.06,4,0,2,20
121.95,3,1,1,10
320.41,1,2,1,10
346.34,2,3,0,23
46329.68,2,3,0,23
168.44,0,3,0,7
797.25,0,3,0,23
665.8,1,3,2,7
187.26,4,2,0,7
55.63,4,0,0,13
929.93,2,4,0,7
519.79,4,0,2,7
694.2,3,0,2,1
610.69,2,3,2,4
894.16,1,3,0,4
51.99,0,1,1,6
977.0,3,4,0,20
812.54,1,3,1,10
649.47,0,4,0,21
956.31,3,2,1,5
472.73,2,4,1,22
27936.29,2,3,2,2
94.61,1,3,1,0
231.63,1,3,2,9
707.19,2,0,1,13
446.78,0,2,1,3
657.3,4,0,1,22
733.97,3,1,2,3
677.55,3,4,2,16
839.33,4,4,0,10
192.63,1,4,1,22
129.48,4,0,1,4
225.24,4,3,1,3
408.3,0,3,0,20
628.75,1,2,1,1
22.04,1,0,1,5
754.35,3,1,1,18
874.07,3,1,1,21
781.44,3,1,0,18
684.91,4,0,0,16
489.18,2,3,2,17
765.07,4,3,0,9
120.27,2,4,0,3
786.92,0,1,2,4
106.91,1,3,1,18
439.66,0,3,0,17
23.36,1,0,1,14
598.84,4,1,0,21
811.97,2,3,2,10
443.98,3,4,0,5
409.68,3,2,1,14
341.54,1,3,1,16
899.57,1,2,1,3
565.34,4,0,2,5
29295.62,0,1,0,20
925.84,1,2,2,8
695.71,2,3,0,22
36954.16,1,4,1,3
72.06,2,2,0,7
609.61,3,0,0,3
326.42,0,4,1,18
467.25,4,2,0,0
204.05,4,3,0,4
833.05,3,2,1,4
373.29,0,0,0,19
518.53,3,4,2,13
671.36,1,1,2,17
838.91,4,1,1,20
691.64,1,2,2,13
846.36,1,4,2,6
667.79,3,3,0,9
499.05,3,4,1,9
109.73,2,1,0,17
11.66,0,3,1,21
229.26,3,4,1,5
433.55,3,2,0,19
256.51,1,2,2,17
7.9,2,1,2,2
907.19,1,3,2,0
375.13,0,0,1,21
799.34,4,2,0,10
290.44,1,3,0,14
734.28,2,3,2,13
868.19,3,3,2,2
41611.25,1,3,1,0
86.1,4,2,2,21
944.95,0,0,1,7
809.19,0,0,2,21
109.13,3,0,1,15
132.57,2,1,0,6
894.12,3,3,0,0
717.07,3,4,0,16
698.49,0,0,0,6
798.18,0,2,2,5
624.22,1,1,1,3
12603.37,3,1,0,6
135.25,1,2,0,17
380.93,0,2,0,6
658.72,4,0,0,12
778.13,2,4,2,14
473.58,4,4,1,6
106.1,1,4,0,13
669.38,3,2,1,19
419.91,1,4,1,5
43133.41,3,0,2,9
969.07,0,4,0,10
736.15,4,2,0,8
70.96,3,0,0,12
697.11,3,1,2,2
644.96,3,0,1,11
127.83,4,2,2,19
279.57,2,0,1,5
737.08,1,0,0,12
230.78,0,3,2,23
208.31,3,2,0,4
424.55,4,1,1,19
24467.67,1,4,2,5
88.57,1,3,2,4
712.42,2,4,1,7
190.18,2,4,2,19
659.17,2,0,2,6
86.09,0,0,2,16
160.6,0,0,2,0
172.64,1,1,2,14
87.63,2,0,0,1
593.49,4,3,1,0
91.95,1,2,2,15
879.73,2,3,0,22
231.07,1,1,1,19
224.11,4,1,0,19
88.89,3,3,2,19
140.84,2,0,2,11
991.77,0,2,1,4
967.37,4,2,2,5
87.2,4,2,2,5
925.43,2,0,1,6
485.84,4,1,0,0
162.28,2,0,2,23
152.95,3,0,1,5
86.19,0,2,1,17
245.54,3,3,0,6
333.86,0,1,2,18
652.03,1,0,1,16
161.75,0,1,2,2
647.16,1,1,1,22
861.45,4,4,0,0
697.27,0,4,1,20
551.31,3,4,1,16
877.76,3,4,2,2
199.42,2,0,1,19
293.88,1,0,1,7
346.04,0,3,0,4
576.06,2,1,1,10
446.51,1,3,2,2
831.16,4,4,0,5
427.71,4,0,1,8
368.26,0,2,1,17
71.54,0,1,2,19
762.35,4,1,2,21
551.99,2,2,0,23
681.24,0,3,1,22
907.5,1,3,1,23
962.12,2,0,2,4
909.8,3,4,0,17
758.07,0,2,1,3
900.58,4,3,2,0
769.39,0,1,0,13
993.76,2,0,2,12
703.49,0,3,1,8
482.86,1,3,0,20
56.95,1,4,0,16
403.44,2,4,2,22
476.13,1,3,0,16
732.17,4,2,2,9
651.74,0,0,2,17
337.97,1,1,2,7
358.89,4,2,2,9
922.5,2,2,0,4
889.96,1,1,0,13
743.97,3,4,2,20
713.42,4,4,1,3
803.48,3,3,0,22
318.58,0,0,2,10
504.01,1,1,0,11
173.83,0,1,1,12
541.57,3,2,1,22
443.51,1,2,1,5
776.59,1,1,0,14
290.27,3,4,0,16
970.57,2,3,1,10
978.94,0,2,0,9
7.18,4,2,2,6
727.93,1,0,2,2
10951.72,0,0,1,7
691.12,3,3,1,15
33891.79,3,1,0,20
948.28,1,0,1,7
266.71,1,1,2,11
153.21,3,4,2,23
542.21,4,0,2,23
867.47,0,2,0,4
348.27,3,1,2,5
818.56,3,1,2,7
876.73,3,4,0,0
14113.36,4,2,2,14
762.54,0,1,2,23
267.72,4,0,0,0
279.7,4,1,2,16
895.86,3,0,1,17
248.76,2,4,2,21
47.61,4,4,1,10
444.79,0,3,2,10
675.79,1,0,1,9
377.93,3,3,1,20
107.68,0,3,1,13
690.98,1,0,2,18
692.83,1,4,1,12
804.62,1,2,2,15
856.79,1,4,1,20
610.81,4,1,1,16
939.29,1,0,1,10
832.35,2,1,1,19
67.76,3,3,1,9
112.31,0,0,0,14
645.11,0,4,0,9
966.96,0,3,1,6
944.28,0,2,1,10
409.41,4,3,1,20
820.52,1,2,2,12
368.69,2,1,1,18
444.26,2,1,1,6
705.3,0,3,1,16
780.65,2,3,1,6
251.38,2,3,2,1
502.24,2,2,1,18
22268.5,1,3,0,12
862.09,2,4,2,14
921.48,2,3,0,22
411.37,0,4,2,5
919.15,1,1,2,7
4.01,0,4,2,11
769.49,3,0,2,22
905.57,4,4,0,3
154.53,4,1,0,5
492.04,4,4,0,7
307.38,0,2,0,13
843.84,1,2,2,11
9.9,4,3,1,7
253.08,0,0,0,9
4.82,0,1,2,11
856.83,4,0,0,4
125.75,2,3,0,5
112.97,2,1,1,7
638.27,3,4,2,18
592.72,3,3,2,9
252.42,0,4,2,23
682.21,1,4,0,2
463.92,1,1,2,20
529.16,2,2,2,10
659.18,1,0,1,18
593.19,3,4,1,18
309.56,1,0,1,10
985.8,2,1,1,6
211.02,3,2,2,16
641.44,4,0,0,20
562.65,2,3,1,20
233.99,2,1,0,6
337.93,2,4,0,15
591.74,4,1,2,4
219.07,2,4,1,18
540.28,4,4,2,5
636.04,3,2,1,8
427.39,2,2,2,14
16.57,0,1,2,19
343.81,3,2,1,13
170.17,2,0,0,17
187.64,3,2,0,7
320.7,1,3,2,22
206.35,0,1,0,15
22515.61,1,3,2,10
878.79,3,1,2,14
561.37,3,0,0,21
585.7,0,3,1,8
303.19,1,1,1,22
252.24,3,4,2,13
885.21,1,2,2,13
986.83,2,2,1,2
459.01,3,1,1,1
715.15,1,0,0,0
318.99,0,0,2,7
842.44,0,1,0,16
610.18,3,1,1,0
552.42,4,1,2,21
6.61,2,0,1,23
448.88,0,4,0,14
220.31,4,3,0,15
229.94,2,4,0,4
328.35,3,3,1,16
873.06,0,1,2,10
291.25,3,1,0,10
415.29,3,4,0,17
339.13,2,4,1,14
419.61,0,2,1,21
357.73,2,4,1,22
16.69,1,4,1,2
394.49,2,3,0,19
33.23,3,1,0,4
227.56,1,0,0,14
780.51,3,1,2,3
919.22,4,3,0,23
973.34,4,4,2,8
922.07,2,2,1,17
754.07,2,3,1,12
995.0,0,2,0,9
824.33,3,2,1,13
355.55,1,1,1,13
411.24,4,4,2,2
605.2,1,2,2,10
737.99,1,4,2,10
282.35,2,4,2,16
77.18,1,0,2,4
391.55,4,0,2,4
660.96,1,1,1,6
842.29,3,2,0,13
31.36,2,0,2,16
18.06,0,1,2,0
215.92,1,4,0,3
744.55,3,4,2,16
817.19,4,1,1,14
635.5,1,3,0,12
624.24,4,0,1,22
881.88,2,0,2,5
750.4,4,3,2,4
341.51,4,3,0,11
537.59,4,3,1,12
997.75,3,3,0,2
72.8,0,2,0,3
149.63,3,4,0,16
511.12,3,2,2,23
993.93,2,0,0,21
507.54,2,2,2,10
322.96,1,3,1,19
10944.46,0,4,0,20
284.67,1,2,0,15
275.7,1,4,2,4
291.1,2,4,2,6
32012.0,4,4,1,6
883.93,3,2,0,17
248.38,1,1,1,10
67.91,1,1,0,5
320.69,4,2,0,19
563.37,3,2,1,3
25348.09,2,2,1,9
939.48,1,1,1,7
144.77,1,3,0,7
63.55,2,3,2,11
543.24,3,4,2,0
777.51,0,2,0,3
809.65,4,0,2,8
711.71,2,3,1,18
455.5,4,0,2,18
201.79,2,1,2,18
286.72,3,2,0,23
676.29,3,0,2,4
275.04,1,1,0,21
927.01,4,2,1,22
774.15,3,0,1,22
396.23,4,3,1,1
56.58,0,1,1,15
393.26,2,1,0,9
462.74,2,3,1,15
178.12,4,1,1,19
4.35,2,2,1,5
871.81,2,3,0,7
854.97,3,4,1,3
205.5,4,2,0,19
568.47,0,1,0,4
303.51,0,0,0,1
762.9,1,3,2,13
596.49,1,0,0,18
6462.63,2,2,0,9
467.86,1,4,1,12
109.88,2,0,2,11
420.51,3,1,1,10
839.07,2,4,0,16
79.19,1,4,0,14
636.13,0,2,0,8
655.81,1,2,1,4
35.91,0,3,1,6
611.96,0,1,1,13
810.17,3,3,0,16
275.7,3,1,1,8
840.98,3,2,2,8
594.57,2,0,2,6
508.3,0,2,1,16
222.99,4,0,1,11
240.08,2,3,0,9
316.18,2,1,2,7
659.44,0,1,2,8
890.59,0,4,0,11
626.71,2,0,2,17
666.66,4,4,2,17
86.77,4,4,2,21
815.91,4,3,0,20
79.3,2,1,1,6
34.13,2,0,1,17
475.31,0,0,2,19
909.34,4,3,2,2
833.93,3,3,2,19
3.18,2,2,2,15
236.19,0,1,2,11
5.58,4,2,1,13
853.94,3,0,1,13
51.49,2,0,1,22
625.38,2,0,0,17
611.91,4,4,0,8
911.42,4,1,1,10
978.59,0,0,1,18
343.2,2,1,0,12
65.15,3,1,0,4
915.34,0,2,2,1
900.14,0,4,2,22
52.61,2,1,0,13
352.44,3,0,1,2
600.54,0,1,2,20
254.0,2,0,1,9
608.11,4,4,0,7
641.06,3,2,0,12
48333.34,3,2,2,19
112.23,0,4,2,7
258.82,1,4,1,20
553.15,3,0,2,12
256.98,4,3,0,10
177.54,1,3,2,12
162.84,1,4,2,6
642.47,4,3,2,16
126.34,0,1,1,2
666.17,4,1,0,11
548.71,3,4,2,8
349.3,1,4,0,1
631.09,4,4,0,7
716.55,0,4,1,22
807.79,3,1,1,11
24.21,4,1,2,19
203.86,0,0,2,8
722.87,0,0,1,19
782.65,1,2,0,4
928.63,0,4,2,19
120.3,0,3,1,14
606.5,2,2,2,1
667.45,2,0,0,2
110.78,3,0,2,20
81.55,3,4,2,17
127.41,0,2,1,5
966.57,2,0,2,6
13.53,3,2,0,21
106.58,2,2,1,19
17202.29,2,4,0,13
699.94,1,2,1,2
468.82,2,4,1,15
763.3,0,3,2,18
44507.77,1,3,0,21
614.68,1,3,2,20
919.73,1,4,1,14
165.34,1,4,1,21
433.26,2,4,2,6
746.66,4,3,1,5
695.62,2,2,1,4
38.2,2,3,2,9
184.03,2,2,2,2
832.64,3,0,1,14
209.94,1,3,2,18
119.95,1,3,1,13
998.28,4,3,0,20
134.41,2,1,0,20
655.68,3,2,1,21
652.02,3,2,0,22
763.35,1,0,0,19
855.77,4,1,0,13
677.79,4,1,0,14
571.38,1,4,1,12
152.02,2,1,1,1
527.97,3,1,0,15
936.92,0,1,0,10
440.0,3,3,0,12
237.75,2,3,0,14
201.25,2,0,0,15
346.66,2,3,0,23
153.07,2,4,0,2
881.7,0,2,2,21
605.89,2,4,0,17
641.41,4,1,0,5
728.54,4,3,1,17
243.55,3,4,1,20
200.71,4,0,2,2
137.78,3,0,0,13
339.65,3,2,0,3
585.67,2,0,1,5
863.92,4,3,1,18
60.99,4,3,0,15
122.24,4,0,0,21
270.53,2,3,0,18
152.72,2,1,2,7
596.99,2,2,0,14
837.19,1,4,1,11
649.71,0,4,0,3
402.94,2,0,0,9
284.39,1,3,1,3
765.96,1,0,2,21
216.15,0,0,0,23
30143.45,3,4,2,4
520.43,4,3,0,18
49773.95,2,2,1,10
719.19,3,3,2,8
62.73,3,3,1,23
993.02,3,0,2,6
972.36,3,4,2,23
682.66,3,2,1,20
102.83,4,2,0,5
969.95,0,0,0,10
400.81,2,4,1,12
707.86,2,0,1,5
605.7,4,2,2,5
10.08,3,3,1,2
706.86,3,3,1,12
43372.65,1,3,2,20
93.22,1,3,1,1
862.92,4,0,2,14
261.86,1,1,1,13
75.61,4,4,2,8
737.78,1,3,1,13
510.32,4,3,1,6
901.72,2,1,0,6
284.2,1,1,2,3
651.13,1,1,2,21
879.39,0,2,1,12
772.02,0,0,2,15
349.42,2,3,0,20
136.71,3,0,2,21
806.15,1,0,2,8
67.57,2,0,2,8
933.41,3,1,0,1
321.45,0,3,0,14
363.37,4,1,2,15
57.66,4,4,1,14
818.48,1,0,0,5
669.82,0,4,0,8
320.52,2,3,2,10
822.01,4,3,2,10
446.51,4,0,1,17
132.44,0,0,0,16
729.85,4,3,2,5
577.29,2,2,1,21
823.62,4,4,0,11
512.69,4,4,0,23
359.6,0,0,2,23
891.22,4,3,1,15
662.62,0,0,0,20
769.94,0,0,2,14
782.4,4,3,0,13
380.06,1,1,2,9
973.26,1,2,1,14
959.11,4,1,2,15
515.02,1,0,1,3
180.61,4,2,2,16
19.03,4,4,2,18
375.79,4,3,1,17
908.28,1,3,1,6
257.49,1,4,1,21
919.63,4,2,0,2
487.13,2,4,2,9
756.6,3,4,2,9
7834.21,3,2,0,10
714.58,3,4,2,17
472.63,2,3,0,19
408.41,3,4,2,19
632.64,3,1,2,3
315.26,4,1,2,22
965.1,3,1,2,3
706.3,2,3,2,1
636.68,0,3,1,16
906.97,1,2,1,16
980.62,0,3,1,14
795.67,3,1,0,4
530.9,0,2,0,18
364.21,3,1,0,3
223.78,1,4,2,22
701.16,0,4,2,12
556.71,1,1,0,23
956.22,0,1,2,5
99.76,3,0,2,16
43437.45,0,2,0,7
876.66,3,2,2,12
891.74,1,0,1,4
15.01,2,0,2,13
762.81,4,2,0,3
492.88,0,1,0,21
701.21,1,0,2,10
503.5,1,2,1,2
93.09,3,0,1,23
694.02,0,0,2,23
536.63,0,0,0,20
999.92,2,3,0,16
550.39,2,0,1,10
729.99,1,0,2,18
19.34,0,2,2,6
359.32,1,1,2,3
104.69,3,4,0,22
133.43,3,0,2,23
56.31,2,1,1,8
25.14,0,4,1,0
510.06,2,2,0,23
599.63,4,2,0,15
647.11,3,0,2,13
370.33,4,1,0,0
476.77,1,1,0,10
534.35,0,2,0,19
13.3,0,2,0,0
741.65,3,3,0,0
22975.27,4,1,1,12
659.31,4,1,0,19
600.01,2,1,2,7
21.53,1,0,1,9
915.86,3,4,1,0
679.23,0,0,0,10
725.01,4,1,1,2
103.27,2,4,1,7
42.99,3,0,2,16
24898.49,2,0,2,11
325.14,1,2,2,2
357.36,2,0,2,11
53.28,2,3,1,8
627.67,2,0,2,10
60.47,2,0,2,6
865.28,0,2,1,23
139.67,4,2,2,22
4.51,4,3,2,7
424.72,4,0,0,16
382.13,1,1,1,19
379.76,1,1,0,0
700.7,4,0,2,13
543.52,1,0,0,12
151.48,3,0,0,20
557.22,0,0,2,5
781.63,2,0,2,11
520.1,3,4,2,4
749.92,3,1,1,19
998.81,0,2,0,2
428.85,2,1,2,19
546.07,0,0,2,16
227.7,3,2,1,23
551.13,1,0,0,5
858.26,3,2,0,14
93.31,1,0,2,14
234.44,3,1,1,7
902.71,3,4,0,20
652.87,1,2,2,17
499.0,4,4,0,16
329.53,4,0,1,11
39.39,2,3,2,22
12575.3,1,1,1,14
221.46,2,2,2,0
694.56,2,2,1,13
287.45,4,2,2,11
361.08,2,2,1,13
783.41,1,2,2,14
404.33,0,2,1,4
511.2,1,4,0,17
134.46,0,0,1,3
203.81,3,2,0,14
449.91,1,4,2,15
463.07,1,3,1,23
545.37,3,4,1,17
5.66,0,1,1,23
503.99,1,0,2,23
834.43,4,1,2,23
259.69,4,1,2,4
683.1,2,3,2,1
904.76,3,2,1,19
678.48,4,0,1,10
230.22,2,1,0,13
760.6,4,3,0,6
265.87,4,4,2,16
48.14,2,3,0,23
98.49,3,4,2,12
219.22,1,1,1,9
386.46,3,2,0,0
814.43,4,1,0,2
268.59,1,4,0,3
301.62,4,2,1,18
658.77,4,3,2,7
652.97,0,4,1,23
902.25,2,3,1,22
483.26,2,0,1,0
895.26,0,4,1,14
137.0,3,4,2,5
164.63,0,1,2,14
846.85,1,1,2,9
991.64,1,0,1,22
820.56,2,4,0,13
452.78,1,2,1,8
78.7,1,0,0,13
151.22,1,1,0,10
522.86,1,1,1,16
631.31,4,1,0,6
836.07,1,0,2,2
648.62,4,0,2,13
498.17,1,0,0,21
292.1,0,2,1,22
835.39,0,3,2,21
715.21,3,4,2,5
41773.52,3,2,0,11
434.35,1,0,2,6
741.69,0,4,2,11
302.37,4,1,0,22
223.09,0,1,2,12
224.18,2,1,2,12
527.08,2,2,2,0
391.96,1,0,2,15
845.64,3,3,1,5
770.23,1,0,2,10
187.95,1,4,1,15
353.06,3,4,0,18
17483.43,2,3,1,15
680.66,0,3,0,11
1.26,3,4,1,17
744.09,2,4,1,21
817.5,4,0,0,23
365.33,1,3,2,11
43026.5,2,2,2,18
252.8,4,1,1,9
903.5,1,4,0,0
993.87,2,3,1,18
213.22,4,0,2,22
83.16,0,0,0,6
521.34,1,2,0,16
578.04,0,2,1,22
972.03,1,3,0,13
285.24,3,3,1,18
220.08,1,0,2,19
729.77,0,1,0,15
694.8,4,4,2,23
788.69,0,4,2,10
355.59,2,4,0,3
243.42,2,3,2,5
348.32,0,0,2,19
933.01,2,1,0,17
445.2,3,1,1,3
155.77,2,2,1,18
544.21,3,2,0,19
671.31,1,3,1,9
462.17,1,3,2,12
260.57,1,0,0,7
943.95,4,4,0,23
158.4,4,2,0,10
298.64,3,3,2,15
744.31,2,0,1,21
605.06,4,1,0,13
32.33,0,4,1,16
127.09,1,0,1,23
116.28,3,0,2,18
949.53,2,3,1,6
91.39,4,3,1,15
750.62,4,4,1,13
377.99,2,3,0,2
154.38,2,0,1,11
632.36,0,3,0,7
306.68,3,2,1,2
237.27,3,2,2,12
31588.71,0,0,1,19
977.32,1,3,2,17
11592.35,3,1,0,6
252.9,0,1,2,16
37393.65,4,4,1,12
770.1,0,4,1,1
849.23,4,1,2,23
272.41,2,2,1,7
118.99,0,2,0,20
611.29,4,4,1,2
216.33,2,2,1,12
225.93,2,0,1,17
34.52,3,2,1,0
939.47,3,3,1,21
689.71,2,3,1,10
352.66,1,1,2,3
37.85,3,3,1,14
690.75,1,4,2,16
453.16,4,4,2,20
557.59,0,3,2,12
526.04,4,0,1,2
522.8,0,4,0,4
949.47,1,2,1,16
312.85,3,0,1,5
814.23,0,0,2,4
991.12,4,1,0,10
301.19,4,3,0,13
764.88,2,2,2,12
774.09,2,2,2,3
589.33,2,1,1,3
545.72,2,4,1,21
914.28,4,3,2,8
31.14,3,3,2,19
811.56,0,0,1,16
930.47,0,1,1,9
926.53,0,3,1,21
160.43,2,0,2,19
121.23,2,4,2,9
455.15,2,3,1,10
94.58,2,3,2,2
892.66,4,3,2,1
766.6,0,2,1,19
621.43,3,3,2,14
363.17,2,4,2,3
887.1,4,1,1,18
441.79,1,4,1,1
854.47,0,4,0,9
70.5,4,0,0,7
332.65,3,1,1,20
291.92,1,1,0,17
389.06,4,4,1,6
150.65,1,0,1,0
12717.12,4,4,0,12
611.96,3,3,2,14
294.06,1,0,2,10
428.18,4,0,1,4
258.39,2,3,0,12
24333.93,1,4,1,15
706.93,1,2,1,19
13881.02,4,1,1,4
405.24,4,1,1,6
824.96,3,4,0,15
597.71,2,0,0,2
668.37,2,2,2,0
750.99,1,2,1,19
27799.83,0,0,2,3
126.18,0,4,1,11
828.27,3,1,0,20
799.95,4,4,2,5
688.09,4,0,1,16
712.56,0,1,1,0
671.12,1,4,1,2
970.45,1,1,1,10
883.27,4,2,0,16
711.54,1,2,1,9
452.86,4,0,2,17
518.23,2,3,2,13
807.48,2,4,0,18
473.27,2,4,0,8
32587.42,0,0,2,0
20620.3,0,1,1,9
239.76,0,0,0,9
235.77,0,4,0,18
300.55,1,0,0,8
67.23,4,1,1,12
349.42,0,2,0,6
880.59,4,3,1,10
766.19,4,0,0,7
452.03,3,1,0,5
395.73,3,2,0,21
384.01,2,3,2,12
489.55,4,1,0,5
136.86,4,0,0,5
16.97,4,3,1,11
648.91,1,0,0,13
228.56,0,2,1,15
615.09,1,4,0,6
410.93,0,2,0,8
169.66,4,3,1,2
895.74,1,4,0,14
139.78,1,4,2,0
606.06,2,0,2,4
75.46,0,0,1,8
86.36,0,0,0,20
908.73,4,2,1,18
42.24,4,3,2,11
599.17,1,0,0,18
14672.52,4,3,0,5
726.63,0,1,2,5
417.91,2,3,1,9
436.27,1,2,1,11
356.91,3,3,2,8
111.27,1,3,0,18
51.38,1,2,1,7
721.14,2,2,0,12
691.82,3,3,0,17
295.42,1,0,0,0
475.32,4,4,2,20
572.24,4,4,1,8
745.81,0,4,2,8
871.84,3,4,2,2
433.66,0,1,1,7
460.47,4,3,0,14
204.91,2,3,1,4
147.96,1,2,1,16
282.07,2,4,0,22
715.88,1,4,2,13
432.36,1,3,2,0
115.19,1,0,0,9
169.78,4,0,1,1
784.19,1,0,1,9
942.1,3,2,2,14
869.03,1,4,1,19
953.86,3,3,1,20
305.6,2,4,0,9
764.39,4,2,2,17
746.2,2,0,2,19
715.1,2,3,2,22
77.16,0,0,2,8
459.73,3,1,2,16
963.37,2,0,0,23
239.31,3,2,2,4
4.4,2,1,2,18
569.21,1,1,0,16
974.55,3,2,2,5
306.86,1,3,1,0
468.23,4,4,1,17
17997.26,3,1,0,11
13.15,4,4,0,17
667.84,2,4,0,3
41725.15,0,4,0,7
95.0,3,1,1,13
227.11,0,2,0,14
791.69,2,3,2,7
562.14,1,3,0,11
18511.06,1,4,1,15
957.98,1,2,0,14
229.07,3,3,1,2
680.73,3,3,2,5
663.19,4,2,2,1
733.86,1,2,0,9
489.98,2,0,2,4
40.98,4,4,2,17
572.3,4,2,0,3
143.84,3,3,1,22
72.89,3,0,1,21
320.36,4,2,2,5
191.27,0,0,0,19
817.73,3,0,0,22
465.79,3,0,0,0
639.13,3,0,2,10
834.92,1,2,2,16
368.9,2,3,0,13
815.66,0,2,2,7
12.13,2,0,1,19
738.48,3,1,1,6
461.17,2,3,1,1
197.01,3,4,2,18
30.23,3,4,1,5
46.81,0,3,2,7
141.83,1,3,1,8
569.35,4,0,1,7
192.47,2,3,2,5
488.98,1,2,2,3
274.66,2,0,1,7
258.09,2,4,0,5
75.87,0,0,2,22
896.11,2,3,2,20
283.02,2,0,1,14
109.47,0,4,0,3
62.01,2,2,0,10
41687.46,0,1,2,18
826.41,2,4,0,16
423.43,2,2,2,5
711.5,2,3,1,1
46427.67,1,0,2,6
628.24,2,3,1,18
378.05,3,1,1,8
192.52,3,2,0,11
943.21,2,2,0,7
643.83,3,1,1,11
111.02,0,0,2,10
28982.56,1,4,0,5
432.02,0,2,1,6
775.4,2,2,1,13
932.41,1,0,1,7
797.76,2,0,2,16
78.15,1,0,2,16
55.47,3,4,1,0
945.25,2,1,0,0
86.35,2,3,0,17
799.69,4,1,0,21
406.37,4,1,2,19
606.69,1,4,2,21
423.01,2,2,0,13
323.69,4,0,1,14
672.4,0,1,1,17
710.57,0,1,0,9
248.85,2,0,0,13
562.43,4,0,1,13
746.1,1,1,1,1
322.15,3,4,0,11
781.34,0,0,2,4
513.46,4,4,1,23
118.54,0,0,2,2
22261.85,0,2,1,13
710.76,3,0,0,22
729.89,3,3,2,12
6.76,4,4,1,6
982.26,2,0,0,19
694.52,0,0,1,7
659.85,3,0,1,6
980.17,3,3,1,21
768.97,3,2,0,8
606.63,3,1,2,21
912.69,2,3,1,8
446.6,0,3,2,16
903.99,3,1,1,10
646.74,1,0,0,8
490.37,4,0,1,2
983.5,4,0,0,15
2.22,2,3,0,1
568.12,2,0,1,21
500.42,2,2,2,12
978.23,4,1,1,4
829.56,0,4,1,14
978.66,0,0,1,3
872.41,1,3,2,21
101.6,2,4,1,13
855.89,4,3,2,23
31547.71,1,2,2,8
974.4,1,1,1,8
30448.59,1,2,0,11
8.33,3,0,0,4
504.83,3,4,2,8
7412.06,0,1,1,19
775.57,1,2,2,11
922.75,2,2,0,20
289.48,3,4,0,19
748.45,0,3,2,4
863.77,2,2,0,15
237.75,0,3,1,16
965.75,0,2,2,4
87.37,1,1,2,19
65.68,2,3,0,13
578.59,3,3,2,16
307.1,2,3,1,2
730.18,2,1,2,12
71.0,4,2,0,23
423.97,3,3,2,19
544.24,0,0,0,15
151.33,1,3,2,11
425.75,0,1,2,16
270.75,0,2,0,4
886.83,2,3,2,10
26.84,2,0,1,4
665.68,1,4,0,14
7.44,1,3,1,5
48449.05,1,1,1,0
246.43,3,3,2,16
76.91,4,2,1,0
613.95,0,0,2,0
752.63,1,3,1,0
121.05,3,3,1,14
893.41,0,2,2,14
172.84,2,1,2,18
22784.75,4,2,1,18
38.56,0,0,0,20
348.39,1,3,1,20
750.02,1,1,2,11
232.84,0,0,1,7
860.02,0,1,2,18
527.04,2,3,1,10
244.49,2,2,2,22
12.23,2,1,2,3
963.82,0,4,0,1
660.33,3,0,2,2
817.55,1,3,0,12
812.62,0,2,2,6
212.6,3,2,2,18
439.46,0,1,1,23
92.63,1,2,0,19
235.08,3,4,2,23
482.53,4,1,2,9
372.81,2,0,1,6
861.94,4,1,0,12
624.21,3,4,1,13
6670.15,0,1,1,7
31.85,3,1,0,22
586.37,0,2,1,15
90.52,0,0,0,11
5510.59,4,0,1,0
128.88,2,4,0,9
60.2,1,0,0,9
935.17,3,2,1,3
474.98,1,0,2,1
193.69,4,1,0,1
381.93,1,2,2,17
93.57,2,3,2,11
95.24,0,1,0,18
141.46,3,0,0,16
496.07,4,1,1,13
21.2,1,0,1,6
647.52,1,4,1,21
581.71,0,2,1,5
765.52,2,2,2,23
514.38,0,3,1,5
296.83,1,4,0,14
968.96,3,1,0,8
561.7,3,1,2,9
781.84,1,2,2,22
356.52,2,1,1,22
694.68,3,4,0,18
498.74,2,4,0,2
104.93,1,0,1,21
757.25,0,1,0,6
103.54,0,1,1,10
12.78,3,1,2,8
26009.22,4,0,2,11
429.03,4,2,2,5
918.11,1,1,2,17
133.82,2,0,2,20
523.33,0,2,2,3
126.66,0,1,1,2
400.77,2,2,1,19
259.06,2,0,0,8
550.31,0,2,2,2
545.95,3,1,2,13
363.37,3,0,2,16
19.37,1,1,0,9
797.57,0,1,1,2
36.33,0,0,1,18
328.22,0,3,1,8
278.04,4,0,1,20
947.06,2,2,0,10
890.67,4,1,0,1
696.77,4,0,0,3
31.8,4,4,2,13
107.86,1,2,0,21
51.71,1,2,0,22
524.6,0,1,0,18
544.87,1,3,1,13
139.15,2,4,2,0
867.69,2,1,2,13
871.55,4,3,1,3
365.68,1,4,1,2
449.94,4,3,2,1
660.81,1,0,1,5
11535.9,2,0,0,11
121.49,0,4,2,13
247.19,1,1,2,5
133.4,1,4,2,8
274.13,2,2,0,21
922.66,2,0,1,2
349.55,3,4,1,18
525.55,2,4,1,6
211.95,1,3,2,1
286.09,3,4,1,16
492.9,1,4,1,10
788.75,1,1,0,1
92.67,3,0,1,8
752.98,2,4,1,11
315.24,0,4,2,12
390.09,4,1,0,7
476.06,2,0,0,15
239.9,2,3,2,12
311.89,0,3,2,1
326.78,2,2,0,22
703.29,3,2,1,5
974.46,2,3,0,9
20.38,2,4,2,21
816.88,4,4,0,8
420.38,0,4,0,13
101.81,1,4,0,13
760.67,0,0,0,19
573.85,0,2,1,22
121.6,3,0,0,0
421.31,2,4,0,22
317.32,4,2,0,6
221.52,2,2,0,12
249.07,1,4,2,15
74.07,1,1,2,21
473.92,4,4,1,16
825.82,1,3,1,20
625.88,4,3,0,12
828.85,4,1,2,4
459.16,0,2,0,14
16591.1,2,3,0,14
425.87,0,3,0,16
884.32,3,1,0,6
224.26,4,1,0,2
416.36,1,3,2,18
645.96,4,3,2,22
4.98,3,4,0,14
239.74,2,3,2,22
716.28,2,3,2,1
378.64,3,2,1,3
933.05,1,4,0,22
344.44,3,4,2,0
988.07,0,3,0,9
421.68,3,2,2,11
907.82,2,1,0,12
776.31,1,0,2,10
735.52,0,0,1,16
11183.11,4,4,2,19
77.44,3,4,2,6
403.75,3,4,1,11
313.46,4,1,2,17
736.35,0,0,0,8
286.84,1,1,0,19
824.37,3,3,1,19
949.71,4,3,2,20
591.71,3,1,0,20
712.39,0,1,1,16
696.83,1,3,1,3
321.01,0,1,2,18
325.25,4,2,1,15
137.84,3,1,2,17
344.52,3,3,1,9
594.07,1,2,1,23
178.2,1,1,0,4
33.73,2,0,0,16
833.61,3,0,2,22
127.31,3,4,1,22
592.03,1,4,0,8
571.8,3,1,2,10
181.15,2,4,2,12
821.08,2,1,0,5
9779.9,1,2,1,2
276.41,1,1,2,22
991.77,1,4,0,15
757.17,4,3,2,1
763.77,3,4,1,2
109.72,2,4,2,2
265.28,0,0,0,18
286.95,0,3,1,9
874.83,4,1,1,12
287.46,4,1,2,11
200.95,2,2,0,2
211.82,2,1,1,12
574.16,0,1,2,7
808.26,3,4,0,13
997.43,2,3,0,12
871.7,3,3,1,20
755.75,4,3,0,13
720.42,3,4,0,10
886.21,1,3,0,19
387.99,0,2,0,2
706.07,2,4,1,20
766.46,3,3,1,2
212.73,2,1,1,4
552.74,2,2,0,10
227.93,2,4,2,20
531.56,4,3,0,3
730.77,4,3,0,10
837.37,2,3,2,13
723.1,0,3,2,12
845.59,1,2,0,10
454.84,4,4,2,13
453.29,4,2,2,20
850.53,3,0,0,7
8689.28,0,1,2,22
867.81,0,0,0,14
509.3,1,1,0,22
90.62,1,1,1,1
345.91,2,0,1,15
709.8,3,2,0,0
766.13,0,0,0,10
533.78,0,0,1,1
256.09,2,1,0,7
428.81,0,1,1,12
232.23,1,3,0,15
919.34,2,2,0,1
20545.34,1,2,1,22
202.05,3,0,0,13
615.28,2,4,0,16
833.43,1,4,0,19
186.11,3,1,2,2
38921.55,1,0,2,7
42.32,1,2,2,7
50.44,1,0,2,5
671.46,1,1,2,4
813.03,2,0,0,22
815.0,4,0,0,11
116.72,4,4,0,9
651.71,2,1,0,8
832.84,1,1,1,3
462.93,4,2,1,22
85.19,4,2,0,22
758.07,2,4,0,4
847.0,0,2,1,19
764.83,2,3,2,6
311.56,3,4,0,1
471.86,4,4,2,12
779.41,4,1,2,21
800.71,1,0,2,7
682.98,1,4,2,11
48732.14,0,2,1,23
778.12,0,0,2,9
559.34,1,2,0,14
752.31,4,4,0,4
26.74,4,4,2,22
335.73,2,2,0,6
308.38,1,2,0,5
276.36,3,3,0,13
175.23,3,3,1,7
465.19,3,3,1,4
63.91,2,0,2,3
922.13,4,1,1,9
355.68,3,2,2,4
740.15,1,4,1,14
638.37,4,0,0,11
90.73,1,4,0,7
831.51,1,0,2,2
892.9,1,3,2,15
582.16,3,0,1,2
814.46,1,4,1,16
772.16,3,2,1,15
544.75,0,3,0,11
883.4,1,3,2,15
50.98,2,4,0,10
559.29,2,3,0,22
184.36,4,3,0,7
145.92,4,0,2,7
48.54,1,4,0,14
303.16,1,2,0,9
265.12,3,4,2,15
87.56,3,1,1,18
965.15,2,1,0,7
42.05,0,4,0,12
799.56,2,3,2,19
364.52,1,4,1,15
47.49,3,2,1,19
98.61,1,2,2,8
620.44,3,3,1,7
805.08,2,4,2,23
389.72,0,1,1,19
790.33,1,0,0,21
261.24,0,3,1,13
104.55,4,1,1,14
815.3,3,3,1,6
736.2,3,1,2,21
737.04,3,0,0,3
607.44,1,1,1,15
69.48,2,1,2,5
952.95,3,3,2,2
295.1,0,1,0,11
800.59,0,0,1,13
730.12,3,0,1,13
321.15,3,3,2,8
953.66,3,4,1,10
45983.5,3,0,2,22
3.37,4,1,2,6
327.98,3,0,2,0
20924.11,1,4,0,6
924.99,1,1,2,10
735.51,2,1,2,11
726.87,1,0,0,20
341.35,3,2,0,2
603.83,3,4,1,3
842.94,3,0,0,16
858.36,0,2,2,13
742.37,0,1,2,15
35185.76,1,0,1,0
790.09,1,4,2,0
173.3,0,2,0,8
753.05,3,3,1,4
621.47,1,1,1,4
42290.84,1,4,0,1
81.81,0,0,1,15
956.06,2,1,0,7
113.91,4,2,1,20
286.41,4,4,1,15
44.73,3,0,0,2
707.27,0,0,1,7
847.07,3,1,1,12
133.07,0,0,0,6
554.77,1,2,1,5
884.86,4,3,1,17
646.67,0,3,0,18
982.58,3,2,2,3
959.87,1,3,2,8
648.8,1,4,2,3
582.41,0,4,2,19
938.14,2,2,0,16
674.01,3,0,2,14
435.53,2,0,2,2
804.52,1,4,2,0
25.11,3,1,0,16
711.48,1,0,1,14
531.21,4,3,1,18
87.41,3,2,0,2
931.29,4,0,0,11
99.31,3,0,1,7
618.42,2,4,0,3
584.48,3,0,1,17
743.18,3,4,0,1
29932.51,0,3,2,5
180.65,3,4,1,7
383.9,3,3,0,20
667.96,0,1,0,18
9.16,3,3,1,1
866.1,2,2,0,2
618.38,2,3,0,14
36.97,4,0,0,14
34743.91,2,1,2,20
4.33,4,1,0,12
863.23,1,4,2,3
845.34,4,0,0,14
295.3,3,1,1,20
397.85,3,4,0,9
864.07,1,3,2,8
208.24,1,3,2,10
46.34,1,3,0,12
770.48,2,1,2,11
638.75,0,1,0,7
35679.27,0,4,0,19
61.02,0,0,2,20
994.28,2,2,1,9
841.86,0,1,0,5
904.0,2,2,1,3
654.14,2,1,1,3
218.37,0,0,1,2
728.0,0,0,1,5
530.77,4,3,0,12
909.04,4,0,0,5
20.83,2,4,0,20
65.35,4,4,1,6
93.17,4,4,2,17
15106.85,0,4,1,19
860.73,4,1,2,8
894.62,2,4,2,12
807.56,1,0,2,3
331.86,4,1,2,12
192.75,4,0,1,16
327.6,1,4,2,16
281.26,1,3,1,6
713.1,1,0,2,2
224.26,3,2,2,22
571.16,2,0,1,16
93.42,4,2,0,19
83.21,1,1,0,23
303.76,3,4,0,3
688.77,0,2,2,6
83.66,2,1,2,20
184.64,3,1,1,1
806.53,1,2,0,19
595.25,4,2,0,23
792.19,3,1,2,23
482.44,0,0,1,8
815.54,0,0,1,15
213.94,0,1,1,17
716.31,0,1,2,8
623.37,1,0,0,7
155.44,0,1,0,23
442.73,0,3,1,18
831.76,0,3,0,18
280.02,1,1,0,1
811.65,2,4,0,1
450.18,4,3,1,12
373.34,1,2,1,14
768.1,3,3,1,23
903.14,4,2,2,9
482.67,2,2,0,19
255.32,3,2,1,17
962.14,0,1,2,13
900.4,3,0,1,1
178.64,0,3,0,13
533.18,4,3,0,11
12.44,2,1,0,11
60.97,2,4,1,3
44.68,2,1,0,22
663.58,4,0,2,15
630.64,2,3,0,16
748.79,3,1,0,4
756.04,1,2,1,23
900.91,4,0,0,0
627.88,3,1,0,3
840.74,4,3,1,1
25559.42,0,3,2,0
708.5,2,0,0,4
18213.25,4,2,0,0
70.26,2,3,0,14
170.91,2,4,1,8
224.88,1,3,1,19
289.93,2,4,0,2
456.47,4,1,0,14
70.23,4,0,2,13
100.23,1,3,1,7
959.54,0,0,1,9
118.36,3,3,1,15
831.77,1,1,0,16
548.47,1,3,2,12
845.57,1,1,2,13
138.08,1,1,1,17
400.47,3,3,1,16
290.44,0,0,0,9
922.16,0,1,2,3
537.57,0,3,0,3
174.5,4,3,0,12
637.91,4,1,2,9
71.38,4,1,2,17
7.8,2,1,2,7
503.29,1,3,2,23
974.0,2,0,1,18
984.13,1,4,1,5
874.34,4,1,1,3
251.1,4,4,0,3
434.61,4,4,2,11
703.66,3,1,0,4
256.16,3,3,0,18
822.95,1,3,2,4
46.81,4,4,1,6
72.37,0,3,0,0
564.43,1,3,0,12
65.63,3,3,1,4
424.52,0,4,2,18
870.67,3,3,1,12
706.45,3,3,0,19
422.05,2,0,1,2
76.84,3,0,0,0
808.82,4,1,2,14
301.4,2,1,2,6
332.23,1,0,0,16
318.68,0,3,0,14
834.99,0,1,0,17
316.23,2,0,1,2
108.52,0,0,0,5
871.79,0,1,2,22
728.32,3,0,0,2
313.32,1,1,2,20
429.75,4,3,1,5
742.01,1,1,2,21
654.39,3,0,2,20
25.88,4,0,2,7
436.45,2,4,0,21
807.69,0,1,2,14
14310.45,4,4,1,3
567.23,1,0,2,7
268.79,0,1,2,21
382.26,3,4,1,2
341.07,3,1,1,5
123.69,4,0,2,17
265.79,2,2,0,9
418.58,1,1,2,6
320.73,4,1,0,4
480.62,1,4,1,16
665.41,3,3,2,11
799.21,1,1,1,13
500.02,1,4,1,0
198.04,1,0,0,6
150.96,0,3,1,19
132.7,4,4,2,16
602.21,3,2,1,7
321.84,2,4,2,10
505.04,1,1,0,8
331.95,3,3,1,23
763.07,0,0,0,1
544.91,3,0,1,0
358.97,0,4,1,22
130.84,4,0,0,23
605.02,2,1,1,16
815.49,1,4,2,15
138.92,2,3,1,15
434.1,1,2,2,18
109.28,1,0,0,18
875.4,2,0,2,21
938.19,2,0,1,2
256.09,2,1,1,11
109.99,4,1,0,19
93.0,2,0,0,9
251.59,4,0,0,7
848.18,1,1,2,12
569.66,2,2,0,6
590.47,3,4,2,17
419.48,4,1,2,12
25022.11,3,1,1,21
112.93,1,0,1,15
207.39,4,4,0,18
376.22,3,3,0,0
121.8,3,3,0,20
131.77,2,2,0,13
902.0,4,3,1,20
504.34,1,1,0,4
717.04,1,1,2,20
13303.95,4,0,2,14
331.52,4,1,1,22
650.12,3,1,2,21
121.62,4,3,2,2
840.0,1,1,1,15
402.44,1,4,1,9
125.37,1,3,0,7
690.91,2,3,2,15
201.48,4,1,0,18
855.28,2,0,2,16
421.76,2,4,2,21
143.15,3,3,1,10
477.63,1,4,1,0
900.09,4,1,1,13
594.82,0,0,2,1
24.79,4,1,2,10
759.09,4,2,2,23
741.73,2,2,1,1
312.1,3,4,2,20
187.36,3,3,0,7
296.0,4,3,2,19
987.1,1,0,0,9
422.92,1,2,2,3
204.87,1,1,0,3
124.95,1,4,0,15
400.03,2,1,0,21
969.51,2,0,2,15
948.66,3,1,2,3
463.45,1,0,1,1
68.19,3,0,1,2
171.73,4,4,1,9
825.6,1,3,0,1
727.55,0,4,2,12
858.28,0,3,0,4
525.92,0,2,0,4
973.18,0,4,2,2
663.3,4,1,1,5
37.06,4,3,2,15
259.41,0,0,0,5
670.65,2,0,1,5
345.88,4,4,0,4
400.06,4,0,1,0
112.63,4,0,1,14
31548.81,1,3,0,11
638.44,0,4,2,4
123.24,1,0,2,17
104.05,3,1,0,17
232.04,4,2,0,4
446.55,0,0,0,3
983.29,4,3,1,17
251.95,3,0,2,17
537.43,3,3,1,11
26.4,0,3,2,14
859.7,3,1,0,22
462.13,1,3,0,8
838.54,3,2,1,13
847.19,4,0,2,2
753.37,0,1,0,14
361.2,2,4,0,20
770.43,1,2,1,17
746.6,0,3,0,12
956.63,0,2,0,2
409.45,3,4,1,19
265.29,1,1,1,11
182.22,1,3,2,16
465.55,4,3,1,8
707.99,0,2,0,8
554.9,0,4,1,10
573.52,2,2,0,13
38.85,3,0,1,23
257.9,1,0,2,3
31.24,0,2,1,7
626.41,4,3,0,21
310.06,2,1,2,1
763.75,4,2,0,17
331.45,3,0,1,16
273.52,1,2,0,1
845.36,0,3,2,2
179.02,4,3,2,10
565.54,2,3,1,12
34.14,0,2,2,2
756.32,2,4,1,13
6462.57,4,0,0,21
39.29,1,1,1,22
816.9,0,1,1,13
229.58,0,4,0,5
162.57,2,4,1,9
62.41,1,3,2,8
479.73,0,0,1,3
635.28,1,0,2,2
7472.88,4,1,0,13
86.1,2,1,0,19
874.12,4,3,0,23
15.62,3,1,2,8
841.76,1,1,0,12
115.07,2,1,2,0
929.29,2,4,1,16
253.91,3,1,1,14
734.87,3,4,0,19
767.11,3,1,2,4
490.4,1,3,2,4
186.85,4,0,1,4
289.72,3,3,2,3
507.77,0,3,2,7
913.63,2,1,0,7
350.37,0,2,1,8
697.63,0,4,1,16
32445.06,3,4,2,12
106.05,3,3,1,22
840.05,0,1,2,14
266.71,3,4,2,19
619.22,3,2,1,23
348.21,1,2,1,15
452.41,3,3,2,21
301.12,1,3,0,7
786.82,0,4,1,22
124.71,4,4,1,7
712.22,0,3,1,6
224.89,2,3,1,14
549.85,0,2,2,0
102.43,0,0,1,5
585.6,1,3,2,5
40370.1,1,2,2,2
748.07,4,4,1,1
931.9,2,3,2,19
368.71,3,0,0,6
659.27,4,3,0,12
516.91,1,1,2,9
153.77,0,2,1,8
747.26,0,1,0,3
9580.72,4,4,0,5
412.04,4,1,2,7
837.7,3,4,2,4
640.14,1,3,1,17
178.4,4,4,0,5
818.17,3,4,1,17
239.9,4,1,2,23
471.99,0,0,2,6
902.36,4,4,0,7
492.85,1,1,0,20
522.2,1,0,0,2
630.44,3,3,1,9
392.24,1,1,0,18
345.06,4,0,2,18
990.99,2,3,1,19
572.93,1,2,2,7
327.21,3,3,0,7
352.08,4,1,2,17
491.51,2,2,1,3
757.0,2,1,2,18
384.31,4,1,1,13
411.08,3,0,1,19
913.74,3,4,0,5
634.82,3,4,2,10
247.31,4,2,0,1
208.51,0,1,2,8
921.47,3,2,2,5
299.56,3,3,0,12
403.91,1,3,1,3
983.97,1,1,2,5
906.43,1,1,2,13
199.81,1,3,2,6
497.08,1,1,0,3
30.68,3,1,0,8
575.57,4,4,0,6
668.25,0,4,1,22
340.57,2,4,1,13
886.77,0,0,0,12
801.07,2,2,2,14
775.61,1,4,2,17
707.01,2,2,2,18
717.57,3,3,1,15
687.31,0,2,0,6
403.49,1,1,0,9
770.81,1,4,0,4
90.74,0,0,1,23
537.43,2,1,0,21
842.05,4,4,2,20
17465.75,0,1,2,17
707.02,1,3,1,5
174.45,4,1,2,17
98.46,0,0,1,18
386.33,3,2,0,0
882.59,3,3,1,22
603.31,2,2,0,21
368.56,1,1,0,6
657.18,1,2,2,12
111.11,4,2,1,21
465.32,4,0,1,0
696.57,3,2,0,17
128.02,2,1,0,10
114.51,0,3,2,7
560.87,4,2,0,10
506.74,1,0,2,2
313.52,1,0,1,11
49703.13,2,2,2,22
984.39,2,4,2,14
368.24,1,0,0,21
218.11,4,1,2,5
226.49,1,2,2,23
659.62,2,3,0,8
18799.25,0,3,1,14
397.36,3,1,1,21
986.93,0,1,0,12
447.04,3,4,0,11
185.83,1,2,1,2
906.75,0,1,1,14
37.42,2,4,1,22
804.46,4,2,2,3
72.88,3,4,1,19
225.8,3,0,0,22
61.99,0,2,1,0
990.92,3,0,0,7
685.65,3,3,2,17
132.13,1,0,0,5
412.76,2,1,0,15
66.14,4,0,1,16
905.21,0,4,0,5
327.09,1,0,1,10
240.41,2,0,1,12
512.35,4,2,1,17
210.9,1,0,2,2
519.57,0,0,1,4
974.26,1,3,2,21
847.37,1,3,0,7
107.41,3,0,1,5
516.92,3,4,2,23
547.5,1,0,1,17
723.81,2,1,1,15
747.8,0,4,0,21
780.67,0,0,1,7
29.92,3,1,0,6
466.2,1,1,1,6
95.92,0,4,1,5
702.82,1,2,2,19
954.52,4,1,1,17
489.42,1,1,2,19
923.87,3,2,2,4
411.49,2,3,1,13
566.1,3,1,1,14
487.28,2,4,1,10
361.56,4,0,2,23
453.67,3,1,0,23
101.57,2,1,1,3
597.39,4,3,2,20
838.33,4,3,1,10
552.78,3,2,0,14
575.02,1,0,2,11
252.03,3,0,1,18
488.42,0,3,0,5
444.64,4,3,0,20
566.55,3,2,0,5
873.3,1,1,1,17
35.98,3,4,1,17
993.87,1,3,2,13
68.55,0,3,0,16
631.17,4,3,1,18
898.4,4,4,1,0
104.31,2,1,2,12
865.4,3,2,2,18
810.43,0,3,2,15
12.74,4,1,0,1
602.64,0,0,1,8
255.34,2,3,0,8
791.26,4,3,0,3
804.88,4,0,0,7
89.94,4,3,0,5
201.64,2,1,0,13
396.89,4,2,1,20
404.34,4,2,0,21
623.03,2,0,0,2
879.79,1,4,0,15
69.63,3,2,1,20
427.2,1,2,0,3
378.24,0,1,0,23
432.14,3,3,1,23
445.83,2,2,1,2
771.0,2,1,0,11
474.32,1,1,1,18
130.1,1,2,1,2
552.99,3,0,0,17
941.59,0,2,0,9
466.59,2,4,0,14
28012.44,3,3,0,11
376.18,2,1,0,3
872.14,4,4,1,21
720.82,1,3,2,17
299.62,0,3,0,8
255.12,0,1,1,17
810.18,2,4,2,10
690.33,2,2,0,6
41.3,2,3,2,8
87.53,3,2,2,6
728.61,1,1,0,23
32.79,3,3,1,13
381.12,0,0,1,20
481.3,4,1,2,20
34.18,0,1,2,10
790.97,0,0,1,17
54.13,3,1,2,19
377.07,3,2,1,19
301.8,2,4,2,22
453.37,1,2,1,2
656.84,4,2,0,4
566.12,3,3,0,19
888.16,2,1,0,17
658.4,4,4,1,3
907.93,0,4,1,15
121.18,3,0,0,20
719.72,1,2,0,11
682.75,1,0,2,19
502.96,2,3,0,17
900.92,1,3,2,7
482.58,4,1,1,18
530.47,0,2,2,13
986.97,2,3,0,4
345.81,2,2,2,14
260.32,3,0,2,18
117.48,0,4,2,13
318.55,1,0,2,15
185.66,0,3,1,21
65.28,4,3,2,0
622.37,4,1,2,9
928.25,0,1,0,1
996.7,0,3,2,23
246.04,1,2,2,12
521.52,2,2,0,13
652.77,1,3,1,18
323.26,4,0,2,17
927.18,0,1,1,3
13144.81,1,0,1,17
698.7,0,4,1,23
765.94,1,2,2,18
660.41,1,4,1,8
265.32,2,1,1,14
338.57,1,3,1,12
349.93,3,0,1,8
25.77,1,1,2,14
883.95,1,4,2,23
343.72,3,0,1,14
947.32,4,0,1,16
861.67,2,0,2,12
798.73,4,3,2,21
590.99,3,0,1,4
438.98,3,3,0,12
474.0,2,2,1,3
82.31,4,4,0,3
333.76,4,2,1,6
481.49,2,2,1,21
767.92,3,2,0,23
410.54,0,2,1,18
330.54,1,2,0,20
604.66,2,1,2,23
62.33,0,3,0,8
567.54,3,0,1,8
685.51,3,4,2,1
24777.84,4,4,2,7
761.78,0,0,0,10
517.14,2,1,2,13
870.85,3,0,1,9
148.66,1,3,0,15
461.2,0,0,2,16
537.83,4,3,0,19
579.49,1,1,2,1
456.89,2,0,1,3
327.67,2,4,2,10
257.39,0,4,1,6
367.68,3,2,1,15
600.97,3,1,1,6
515.55,1,2,2,23
411.3,4,1,0,5
861.83,3,1,2,13
996.74,1,0,1,9
59.05,0,2,1,23
807.31,2,0,0,18
591.68,4,4,1,12
516.91,3,4,0,0
692.58,3,1,1,1
583.39,3,4,1,19
646.05,3,3,0,13
970.54,2,3,1,4
65.18,3,2,1,8
552.63,0,2,2,20
484.1,2,2,2,5
961.31,3,1,1,14
434.18,1,4,2,1
530.52,4,3,0,15
319.7,3,1,1,8
228.36,2,1,1,22
372.35,3,2,2,11
894.47,0,4,0,17
571.42,0,3,1,2
115.64,0,1,2,18
773.03,3,2,0,4
710.03,4,0,0,3
808.79,2,3,0,10
882.24,2,0,0,13
358.5,3,0,1,19
999.37,1,1,1,10
126.45,2,1,0,18
998.76,4,2,2,15
676.25,0,1,2,1
642.98,0,3,0,11
553.69,1,2,2,23
179.55,3,1,1,12
806.49,4,4,1,5
632.97,2,1,1,2
177.39,3,2,2,18
19.53,3,1,0,18
324.81,0,0,1,3
652.22,2,1,2,23
567.14,3,0,2,12
80.55,3,1,2,21
347.99,1,4,2,6
556.44,1,2,1,22
299.31,0,0,0,15
297.94,2,4,0,8
807.96,1,1,0,23
792.36,1,1,0,6
301.47,2,4,0,20
40460.04,1,3,0,16
822.59,1,3,1,10
135.24,2,1,2,2
627.9,3,2,2,0
427.46,3,4,0,2
806.24,2,2,2,23
789.95,1,4,1,21
496.55,2,3,1,0
922.84,0,3,2,20
955.48,1,3,0,0
977.02,0,0,2,4
44214.16,4,3,0,22
202.82,3,1,2,20
529.07,4,3,0,13
504.18,1,1,2,22
712.4,1,2,0,12
773.99,0,2,1,16
127.58,2,1,0,4
16.65,0,0,2,6
646.14,3,4,2,22
309.43,3,3,0,4
554.62,2,4,1,5
173.78,2,3,1,7
811.88,1,3,2,3
795.6,2,1,2,8
865.35,0,0,1,17
472.51,1,4,2,2
933.89,3,4,2,0
842.3,1,2,2,12
335.36,1,3,0,19
788.82,0,1,2,7
971.24,4,1,1,5
674.95,0,1,1,2
698.36,2,3,1,1
58.32,2,1,1,0
662.73,0,2,1,16
147.5,0,2,1,4
343.89,4,2,1,4
823.48,2,0,0,6
970.26,0,4,0,17
162.35,2,1,2,1
449.97,1,3,2,11
595.01,4,4,2,4
398.0,0,4,1,11
943.11,2,3,1,16
866.13,3,3,2,19
160.36,2,3,2,1
41345.88,4,0,1,18
519.09,2,0,1,9
305.97,2,3,0,2
836.51,3,2,2,17
208.25,3,4,0,21
47.66,1,1,2,14
869.04,1,2,0,15
68.0,1,0,0,0
465.56,4,1,1,6
774.92,3,1,2,16
926.84,4,0,1,22
918.07,2,1,0,22
219.4,0,4,1,8
308.84,0,0,1,10
681.91,1,0,0,3
246.15,1,0,1,7
807.06,1,4,0,23
15.63,0,2,2,5
656.5,2,4,2,5
205.53,1,2,1,12
879.96,4,4,0,14
706.33,2,0,1,12
337.97,1,1,2,18
50.38,0,1,0,5
33.95,0,2,2,7
32447.96,4,4,1,8
48.26,3,3,1,1
194.33,2,0,0,21
639.04,4,1,1,0
605.9,2,4,0,18
627.65,1,1,2,20
49.84,4,2,2,7
690.26,2,1,2,19
187.51,3,4,1,2
664.32,4,1,0,2
978.88,0,2,0,6
35964.95,4,1,1,19
560.24,2,1,2,19
27.0,4,0,1,19
472.68,4,3,0,20
943.11,4,4,2,11
885.65,2,0,2,8
41.32,1,1,0,8
15.1,2,1,0,20
250.37,0,0,2,15
862.25,4,2,1,23
968.35,4,2,0,18
962.18,2,2,1,9
342.27,4,1,2,22
224.11,1,3,1,23
930.31,4,0,0,21
189.84,2,3,0,11
755.36,2,2,2,22
8962.96,2,4,1,16
239.94,0,1,2,3
305.73,0,1,1,23
552.28,1,0,0,3
517.39,2,2,2,10
76.89,2,0,2,14
468.24,0,3,1,21
215.72,4,1,1,4
384.37,1,1,1,7
713.3,3,0,2,6
850.28,0,2,1,15
362.47,3,3,2,14
426.21,3,4,0,15
650.45,3,4,2,11
22319.96,4,4,2,16
588.83,3,3,1,22
433.86,4,1,2,23
396.54,0,0,2,23
356.51,1,4,0,15
158.23,3,1,0,12
61.4,1,1,0,17
865.34,1,1,1,16
927.16,3,1,1,8
8.92,0,0,1,18
834.15,0,1,0,5
758.42,3,2,0,22
23620.6,3,3,2,23
409.56,3,2,0,4
552.93,3,3,1,17
12540.22,1,4,1,9
999.44,1,1,0,0
643.47,4,3,1,13
744.4,2,3,2,7
942.76,0,4,0,16
583.4,3,0,1,3
793.08,4,1,2,4
715.34,3,2,1,15
539.08,3,3,0,16
6.47,2,3,1,21
142.84,4,2,0,0
486.99,2,3,1,22
799.05,3,1,0,12
363.62,0,2,1,5
29380.83,0,0,0,9
573.42,1,2,1,0
524.57,3,1,1,12
156.76,4,2,2,18
178.8,0,0,0,13
863.94,0,1,2,19
231.7,4,2,2,9
216.57,3,0,0,21
500.78,3,2,2,22
116.29,1,2,1,6
548.61,0,0,1,7
947.53,3,3,1,12
379.62,1,1,0,22
129.77,1,3,0,3
572.34,2,3,2,12
340.08,2,1,2,23
129.92,0,2,0,7
825.75,0,0,0,11
898.27,2,3,1,5
571.55,0,3,2,5
772.49,3,2,2,1
382.7,1,4,2,0
619.49,0,4,1,14
279.19,2,3,1,2
388.64,0,2,1,10
440.68,2,2,0,3
227.96,1,3,2,13
753.46,3,1,2,22
642.84,0,0,1,15
324.47,1,1,2,18
524.36,0,3,0,19
10.96,2,3,2,3
388.88,0,1,2,16
969.11,1,4,1,21
783.33,4,1,0,14
212.55,4,1,2,5
605.62,4,0,0,23
395.98,1,0,2,7
447.3,4,1,2,17
929.47,4,1,0,10
659.9,0,3,2,8
413.24,3,0,2,19
692.64,0,1,0,9
433.74,2,3,1,3
171.66,0,2,2,2
39.02,1,3,0,13
970.51,0,0,1,12
92.56,2,4,2,1
448.67,1,0,0,21
384.93,3,4,1,1
438.87,1,3,0,14
834.74,3,1,1,20
849.29,4,1,0,23
138.19,2,3,2,0
562.86,2,4,2,15
166.29,2,3,1,15
920.13,0,1,0,12
174.17,4,0,1,5
817.68,3,3,1,0
234.26,2,3,0,22
544.79,3,3,0,23
2.97,0,3,0,18
276.54,3,4,2,2
341.89,2,4,2,23
583.08,3,1,1,20
7.9,0,2,2,22
150.5,1,2,1,12
936.93,3,3,1,11
643.74,4,3,0,5
64.97,4,3,2,21
244.78,3,1,1,19
825.58,0,2,2,19
542.33,1,2,1,17
666.49,0,1,2,11
647.8,2,2,2,1
538.98,2,4,1,15
868.59,3,1,0,11
172.44,4,2,0,3
245.07,1,1,0,2
54.17,1,4,2,18
637.68,2,2,1,22
842.39,4,4,0,21
468.21,2,2,0,8
666.99,1,1,2,15
135.48,0,3,0,15
682.17,3,0,1,22
404.8,2,0,2,12
606.61,1,3,2,0
761.03,1,4,1,10
814.98,3,0,2,22
585.35,3,1,2,8
674.47,3,2,0,10
203.23,4,4,0,19
228.15,0,3,1,14
81.0,1,4,0,0
897.09,1,1,2,22
731.16,3,2,1,15
650.27,4,1,2,7
8956.4,0,3,0,9
560.46,2,1,0,21
178.89,2,3,0,17
93.43,2,0,0,7
786.76,3,0,2,9
40405.59,0,4,1,11
566.78,1,2,1,16
706.17,4,0,0,12
912.67,2,3,1,6
741.85,2,2,2,0
409.21,0,4,0,5
907.83,4,3,0,2
699.54,1,3,2,20
419.06,2,3,1,5
794.64,1,2,2,1
198.11,4,4,2,16
537.65,1,2,1,22
589.29,2,4,1,3
693.05,1,3,0,12
571.98,0,2,1,9
161.9,0,1,2,10
369.54,0,3,1,9
743.94,2,1,2,19
203.88,0,1,2,21
35413.71,4,1,2,18
277.48,2,4,1,5
267.63,0,3,2,3
368.6,3,3,0,1
386.99,1,2,0,11
559.42,0,1,1,13
227.71,4,4,2,11
807.23,2,0,0,1
23.28,3,3,2,15
223.38,0,3,2,20
561.49,1,1,2,23
61.75,2,2,2,5
826.21,0,4,1,11
388.95,4,4,2,11
707.65,4,2,0,2
20434.19,1,4,2,13
109.79,3,4,1,5
744.73,0,0,2,0
975.35,2,4,2,12
570.55,1,4,2,1
282.86,2,2,1,5
717.8,0,3,2,0
447.16,4,0,1,23
779.67,2,3,2,4
70.08,2,0,1,8
652.27,2,2,1,19
935.52,4,0,1,14
524.73,1,1,1,19
679.08,3,0,0,16
354.84,1,1,1,23
131.17,1,2,0,17
646.61,3,0,0,11
952.84,3,2,2,6
195.75,3,2,0,17
253.23,2,0,2,20
663.07,4,2,1,12
982.13,3,4,0,8
22.13,2,1,2,16
185.88,0,0,0,9
862.75,4,1,2,19
524.54,0,1,1,21
191.3,2,1,0,4
19731.37,2,2,0,13
766.04,2,0,1,1
163.69,2,3,2,12
954.16,3,1,1,18
946.26,2,3,0,7
928.39,2,1,1,8
122.85,3,3,2,2
784.96,1,3,2,20
406.7,0,3,1,23
478.48,4,3,0,17
848.18,0,3,1,1
10636.84,3,4,2,7
122.85,0,0,1,9
453.23,2,2,0,0
233.75,1,0,1,3
611.59,2,1,2,16
884.63,2,0,2,6
273.95,4,1,0,20
881.22,4,0,1,17
682.25,2,2,1,23
772.9,0,2,2,1
31194.15,2,3,0,19
170.93,2,2,2,22
117.44,1,4,0,2
15.98,3,4,2,16
915.29,2,0,1,17
798.35,2,4,1,21
870.42,4,3,1,17
538.49,4,3,0,23
29715.25,3,1,0,20
45951.28,0,1,2,8
852.2,3,4,2,8
506.06,4,2,2,4
257.86,1,0,0,6
873.27,4,3,0,1
574.52,2,1,0,0
118.77,0,3,0,4
155.32,4,2,2,0
723.82,0,2,0,0
453.38,0,0,1,4
620.47,4,2,0,17
352.34,4,3,1,21
552.48,4,3,0,20
848.42,4,4,2,0
248.09,1,0,2,14
176.19,3,2,2,22
317.71,1,4,2,22
538.02,3,3,2,4
853.19,2,3,0,13
35.68,2,0,1,18
408.14,1,2,0,5
703.9,2,2,0,23
649.09,1,1,1,0
743.74,4,0,1,12
904.9,2,2,0,9
5.79,4,0,1,23
353.89,1,0,0,14
432.83,3,0,0,6
671.44,3,0,1,19
426.95,2,4,1,19
174.38,1,3,2,20
349.4,4,2,0,14
969.16,1,3,0,10
339.94,1,1,0,14
337.87,1,2,0,16
917.88,3,0,1,23
228.65,4,1,1,9
502.41,4,3,1,6
342.42,3,0,1,17
245.97,2,1,1,2
179.59,3,1,2,14
207.13,1,1,1,8
295.09,1,3,1,7
686.67,2,4,2,0
323.39,3,2,2,18
467.39,0,2,1,17
960.08,2,2,0,1
705.22,3,3,1,14
6.85,1,3,0,13
681.02,0,3,2,9
124.0,3,4,0,23
183.82,1,4,0,1
29.01,1,0,0,5
418.9,4,1,1,21
915.66,1,1,0,13
806.34,3,1,0,22
460.01,2,1,2,13
666.36,0,1,2,7
340.98,1,2,1,4
107.95,4,1,1,3
864.47,0,0,0,0
524.32,0,3,1,23
488.06,0,0,1,20
930.47,2,3,1,8
231.12,4,3,1,8
242.02,4,0,2,0
281.72,0,4,1,17
341.17,1,3,2,14
925.32,0,2,2,13
11351.73,0,2,1,9
165.74,0,3,1,22
591.02,2,4,2,15
42.66,2,4,1,8
581.46,1,2,2,15
91.87,2,4,2,21
130.47,2,4,1,0
794.31,4,3,1,7
602.18,0,0,0,10
517.34,3,0,1,11
35294.17,3,4,2,13
5116.67,4,2,0,20
260.08,2,1,1,5
39.9,2,1,2,10
899.05,2,0,0,3
543.25,1,4,0,9
636.71,2,2,1,8
76.48,2,4,1,3
452.53,2,0,2,15
767.34,1,4,0,0
144.27,1,2,1,18
212.65,1,1,2,1
595.03,0,2,2,12
507.81,4,2,0,9
649.9,4,3,0,17
797.79,3,2,2,10
752.92,0,1,2,5
392.07,2,2,0,9
971.69,0,2,2,21
631.22,2,2,2,19
598.14,2,4,1,13
447.02,0,1,0,8
989.97,0,2,0,15
302.49,2,1,2,7
631.2,3,2,1,12
948.63,1,3,0,22
26.73,0,1,1,3
551.82,4,1,1,5
576.96,0,3,1,9
31871.08,0,3,2,22
752.87,4,1,2,5
755.43,2,1,2,2
127.98,0,3,0,23
957.65,2,1,0,13
708.2,3,4,0,22
719.68,2,2,2,18
520.62,0,2,2,21
615.44,3,3,0,1
807.54,0,3,1,22
558.85,2,1,0,21
802.89,2,0,0,20
2.97,1,1,1,13
609.53,3,2,2,14
681.46,0,4,0,10
32086.58,2,3,0,7
747.02,4,1,2,10
994.53,0,3,2,20
115.43,1,4,2,20
937.42,0,1,1,2
754.66,3,0,0,6
32.28,1,1,0,11
45.39,2,0,0,13
11886.13,3,1,2,8
419.78,1,3,2,22
457.02,1,4,2,7
41.28,1,2,0,3
322.19,3,4,0,10
112.9,1,3,0,19
946.29,3,4,1,3
84.35,4,4,0,8
146.23,4,2,1,0
137.39,0,3,2,3
867.89,4,0,2,22
724.03,3,0,0,23
154.26,4,4,2,19
140.19,1,1,2,1
621.75,0,1,1,20
482.46,0,4,1,5
139.22,1,0,0,11
228.44,0,1,2,15
720.65,3,3,2,10
448.87,1,4,2,23
895.85,0,2,1,15
559.11,4,4,0,12
914.62,1,3,1,6
449.67,2,3,1,13
75.6,4,3,1,9
888.68,1,0,0,6
664.67,3,2,1,20
947.64,2,4,0,19
718.06,4,0,1,7
89.36,1,3,2,18
88.45,1,1,0,9
409.96,4,2,2,6
790.95,2,4,2,4
456.83,4,0,1,2
798.64,3,4,0,6
273.16,2,3,2,21
535.46,2,0,1,21
959.09,0,4,1,14
657.67,1,1,2,4
843.47,4,3,2,1
127.46,2,1,2,6
906.85,3,3,2,1
674.14,3,2,2,3
154.23,4,4,1,14
490.85,3,4,0,3
27.29,2,3,0,12
45096.7,4,4,0,16
8036.13,4,4,0,12
130.44,0,3,0,17
33.06,4,3,2,1
185.72,2,1,0,7
857.01,3,1,2,13
3.87,1,1,1,3
452.0,0,0,1,21
253.96,0,3,1,18
527.6,0,4,1,15
544.63,3,1,1,2
977.92,4,3,0,15
10019.71,1,0,2,11
123.4,0,2,0,12
147.3,0,3,1,17
638.67,1,0,2,3
29.45,3,1,2,2
264.38,0,3,1,23
244.91,2,4,2,14
996.86,0,2,2,20
45895.2,0,4,1,19
970.51,0,2,0,22
321.95,3,3,2,15
988.69,3,4,1,8
330.06,0,2,0,12
770.01,4,1,0,14
985.32,1,4,2,13
504.25,2,2,0,18
296.06,0,2,0,20
713.57,2,4,1,22
8.68,2,4,1,15
454.29,0,0,0,16
302.63,3,0,1,20
787.06,3,1,2,6
69.69,1,1,0,12
489.51,3,3,2,5
390.05,2,0,0,0
675.95,3,4,1,10
491.7,1,1,1,20
945.57,3,0,0,16
478.8,4,2,0,6
24.96,3,3,0,3
732.08,0,0,1,16
24393.72,1,0,0,8
972.78,4,4,1,20
961.12,4,1,1,3
316.14,0,0,1,12
328.0,3,3,0,21
619.15,1,2,1,11
90.19,1,2,2,1
997.68,1,0,0,5
528.14,4,3,0,7
215.17,2,1,2,1
950.62,3,0,2,11
499.42,3,2,1,19
719.79,0,2,0,18
919.3,4,3,0,19
249.43,4,1,2,17
253.74,1,0,1,6
931.86,2,0,0,20
917.19,3,0,1,3
885.88,2,2,1,10
26301.6,2,1,1,10
986.31,0,0,2,14
229.42,1,1,0,4
759.7,1,4,1,23
89.65,1,2,1,0
885.59,3,0,2,3
284.53,3,1,1,3
6867.56,0,0,1,4
657.25,0,0,0,23
29693.87,4,2,1,15
417.14,2,2,1,0
727.51,0,3,0,7
433.91,4,2,2,7
280.0,2,2,0,17
915.78,4,0,1,18
36.84,1,4,0,20
821.91,4,4,2,18
185.54,1,4,0,20
417.15,0,4,2,7
588.25,0,1,0,10
660.02,1,4,2,5
379.4,2,4,0,7
466.02,4,0,0,10
387.63,0,1,0,15
865.09,1,4,1,15
709.0,1,4,0,22
902.3,3,4,1,3
618.68,3,0,0,22
520.41,2,3,0,10
15.12,3,4,0,14
48838.04,2,3,0,18
812.51,2,1,0,21
397.45,3,3,0,1
24.28,1,3,1,18
659.94,4,4,0,15
406.48,0,2,2,23
622.54,4,3,2,3
35251.83,0,3,2,6
347.53,0,2,0,10
707.06,1,1,0,22
168.65,4,3,1,16
893.91,0,1,0,7
520.57,4,3,2,10
995.4,4,0,1,19
865.95,1,0,0,18
690.49,2,3,1,7
46708.09,1,1,0,21
155.62,4,0,2,6
556.74,2,4,1,13
34.24,4,2,1,10
633.04,1,3,1,1
753.92,4,2,0,0
982.85,2,3,0,6
188.44,3,1,1,17
639.13,3,2,2,13
882.9,3,0,2,9
157.33,2,0,2,5
322.36,2,0,2,0
432.84,1,4,2,9
237.5,2,3,0,1
982.22,4,1,1,9
855.14,0,3,2,7
17.97,1,3,0,14
19446.83,1,0,2,10
440.43,0,2,2,16
110.08,3,0,1,18
159.78,1,4,1,10
731.9,3,2,1,6
915.16,2,3,2,6
338.11,3,3,1,16
414.17,3,2,0,6
556.42,4,1,0,13
628.2,0,1,1,13
9771.64,4,0,2,21
108.79,0,0,1,19
990.74,4,2,2,23
834.85,0,0,1,16
256.54,2,1,1,21
697.03,3,2,0,6
391.41,3,4,2,11
143.2,1,2,2,3
365.87,1,1,0,4
416.36,3,2,2,17
12894.87,3,1,1,12
81.31,1,0,2,13
93.18,4,0,1,3
654.13,1,4,0,16
52.42,1,1,2,17
880.09,4,0,2,8
696.91,2,0,0,4
81.21,3,1,0,4
529.5,4,3,2,17
378.76,4,1,1,20
501.33,0,2,2,21
379.35,0,3,1,18
918.56,4,1,2,14
524.71,2,3,2,4
56.26,4,4,0,11
191.07,0,0,2,8
126.04,1,3,1,4
494.35,2,1,2,23
785.27,0,0,0,3
200.02,1,0,0,13
866.31,0,2,0,18
43854.34,3,0,1,19
412.34,0,2,1,7
67.54,0,4,0,2
577.34,3,3,2,11
472.71,0,2,1,23
712.62,3,1,0,19
740.07,4,4,0,21
309.55,1,4,0,5
335.62,2,1,0,21
666.01,0,2,2,11
656.16,0,2,2,13
506.53,2,2,1,9
886.41,2,1,0,13
275.28,4,0,1,17
454.36,2,3,1,5
639.35,0,3,1,0
658.85,0,4,0,1
571.01,1,4,2,14
914.89,4,0,0,13
958.98,2,0,2,3
342.51,0,2,2,17
224.19,4,3,1,20
537.08,4,0,2,4
801.9,4,3,2,14
824.96,2,2,1,14
793.14,1,0,2,20
511.38,2,3,0,11
550.86,3,1,0,4
203.58,4,1,2,18
24565.41,2,3,1,0
862.28,0,4,0,14
624.19,4,4,1,11
326.45,3,4,0,15
671.8,0,3,2,1
505.02,0,2,0,4
508.64,2,3,2,6
876.53,1,2,2,21
815.52,0,4,2,6
543.5,0,1,1,21
334.05,1,1,0,17
62.45,4,4,2,5
87.8,4,2,0,12
859.12,3,2,2,7
792.73,2,3,2,13
528.8,1,3,1,10
145.1,4,4,1,9
989.96,2,1,1,14
648.55,1,1,2,6
696.17,4,0,2,13
395.87,2,0,1,4
487.76,0,4,1,8
692.73,3,2,0,4
218.07,4,0,0,22
668.53,1,2,0,21
732.05,4,2,2,11
623.29,1,3,0,22
831.71,0,2,1,3
617.84,1,3,1,8
347.59,0,2,2,0
601.93,3,0,1,22
352.91,2,4,1,17
676.2,1,4,0,12
237.05,3,1,0,6
867.77,2,0,0,2
60.54,3,4,0,0
212.54,3,2,1,8
709.83,2,0,1,14
699.09,0,2,1,8
68.61,0,0,0,22
108.95,2,3,2,16
772.8,3,1,2,9
934.21,1,4,1,8
43012.21,0,4,2,6
962.35,4,2,2,23
492.25,1,2,1,14
418.37,3,3,2,4
15775.89,4,4,1,3
317.39,1,2,0,19
38.07,2,0,1,7
165.06,2,4,1,4
654.49,2,3,2,20
603.0,3,4,0,3
559.76,4,0,0,7
582.92,4,4,0,22
47536.45,0,0,0,13
436.99,0,0,0,3
438.78,1,1,2,10
927.95,1,3,2,18
17.77,1,4,0,6
821.68,3,3,1,19
352.04,4,0,2,20
385.18,1,3,2,20
213.59,1,2,0,10
55.67,2,4,2,23
47951.29,2,4,1,8
234.96,0,2,1,5
478.36,1,2,0,5
63.45,3,3,0,14
27224.24,1,1,2,23
696.19,1,4,0,23
205.68,4,4,1,2
222.59,3,0,1,18
787.1,0,3,0,13
556.4,4,3,0,16
50.66,4,3,0,13
174.11,1,1,1,3
236.45,4,1,2,19
315.29,2,1,2,0
803.34,0,3,0,11
541.04,0,0,1,9
27640.87,4,0,0,20
413.86,4,0,0,5
656.34,2,1,0,3
543.26,2,0,1,22
54.28,3,4,0,2
445.25,4,0,1,23
305.92,4,1,1,1
611.97,0,3,0,6
268.65,4,2,1,7
333.72,3,4,2,6
318.79,4,1,1,11
553.96,1,1,2,14
257.31,1,3,2,10
745.74,1,3,1,2
764.04,0,4,0,7
831.72,3,4,0,16
23100.99,3,2,2,14
689.5,4,4,0,0
777.46,1,0,2,1
550.49,2,0,0,18
327.39,1,4,0,1
994.84,0,0,0,5
310.82,3,3,1,13
49.57,3,3,0,8
948.07,2,1,1,23
14242.75,4,0,2,18
198.72,2,1,1,9
414.59,4,3,0,1
19.34,0,1,2,3
24845.07,1,0,0,0
167.45,3,1,1,9
800.47,2,2,2,12
169.74,1,3,0,9
203.8,1,0,0,13
662.13,3,3,1,15
956.89,0,1,0,12
161.07,3,2,2,13
760.19,4,3,1,19
164.19,2,0,1,23
78.48,4,4,1,23
702.11,3,2,1,6
127.29,0,3,0,11
592.56,4,4,2,21
843.69,4,1,2,14
911.01,0,3,0,7
75.54,0,3,1,19
385.88,4,1,2,1
873.46,0,1,2,1
842.55,0,4,1,22
378.47,1,4,0,14
880.3,0,2,2,19
31.59,4,0,1,2
787.82,0,4,0,19
981.11,4,2,2,2
552.37,4,2,1,16
22397.21,3,0,2,8
518.22,3,4,2,15
418.41,2,1,0,10
130.73,3,0,2,14
22277.09,0,0,1,12
51.1,0,0,2,12
555.14,3,0,0,4
123.35,2,4,1,6
499.91,2,1,1,7
832.48,0,4,0,8
894.46,3,1,2,9
46761.22,0,1,0,1
804.94,2,1,2,15
154.43,2,2,2,5
651.05,4,2,0,23
541.05,1,1,2,3
805.42,3,4,1,14
588.69,0,0,1,3
285.36,4,3,1,21
167.33,4,3,0,16
228.61,2,4,2,12
226.81,2,0,0,18
323.1,1,2,2,8
620.41,4,3,1,14
745.6,3,1,1,23
746.55,4,2,1,5
433.63,2,0,0,10
811.6,4,2,0,16
315.7,2,4,1,20
936.89,0,4,0,6
983.8,2,1,1,8
55.69,0,2,0,12
899.12,0,2,0,15
242.54,1,1,0,13
443.31,4,2,2,8
18.8,1,1,2,10
426.55,3,0,0,9
903.08,3,1,2,20
975.65,4,4,0,12
224.69,3,0,0,0
528.7,1,3,1,23
165.73,1,2,2,23
658.68,4,3,0,6
378.72,3,2,1,2
770.55,0,3,1,2
484.68,4,0,0,0
311.25,0,1,2,4
793.09,2,4,1,14
766.06,0,4,1,19
584.09,1,0,1,15
625.79,3,3,2,12
967.84,1,4,0,16
308.79,3,0,2,9
879.84,0,1,2,17
22.93,1,3,2,8
412.87,2,2,0,14
553.51,2,4,1,18
315.46,1,1,0,3
543.03,1,4,2,1
887.48,0,3,1,3
563.02,3,4,0,21
570.82,4,3,1,20
448.63,2,4,2,1
951.19,3,3,0,20
858.19,2,0,1,21
94.44,2,3,2,16
180.04,2,3,2,15
608.94,1,3,2,3
370.88,2,4,2,21
939.63,3,2,0,22
121.05,1,3,2,15
537.35,1,4,0,8
408.94,4,4,2,1
372.21,2,4,1,2
208.22,0,2,2,10
300.7,1,0,1,1
601.82,4,3,2,6
12.52,1,0,2,5
127.43,3,4,1,20
620.09,3,1,1,3
47828.59,2,3,0,1
556.69,3,2,2,4
643.02,2,3,0,23
27.34,3,3,2,2
967.3,0,1,0,21
32343.01,0,0,2,21
148.45,3,1,1,0
335.87,4,0,1,14
785.47,1,3,2,23
152.75,1,4,0,11
376.22,1,4,2,15
23746.18,4,4,1,1
388.94,4,0,0,8
116.59,1,4,2,11
40.04,1,2,0,5
571.27,1,1,1,12
576.01,2,0,1,20
911.0,0,3,0,22
954.68,2,3,0,13
571.75,4,3,1,8
541.99,4,4,2,19
22.75,4,1,2,9
707.31,1,0,2,16
399.3,2,1,0,23
794.68,0,1,2,9
809.09,1,0,1,19
576.99,1,4,1,22
338.95,4,4,1,8
277.81,1,0,0,14
422.85,2,1,2,14
210.98,4,1,2,21
824.73,1,3,2,17
265.53,4,1,0,13
978.79,2,4,0,21
428.2,1,3,0,17
893.77,2,1,1,18
558.89,4,4,0,13
729.4,4,4,0,6
116.5,0,4,2,6
282.19,2,0,2,7
66.24,0,2,2,2
238.76,1,0,0,21
688.03,1,3,1,8
970.75,1,2,2,1
390.09,1,2,0,19
788.01,1,1,1,5
593.47,3,0,2,7
83.63,2,3,2,14
87.03,1,0,2,11
549.01,2,3,0,10
381.33,1,0,2,20
755.78,3,4,2,19
26.85,3,4,2,12
499.43,1,3,2,20
636.84,4,0,0,15
897.65,3,1,0,18
721.31,2,2,1,0
13274.12,4,3,0,0
455.63,1,0,1,4
278.98,4,2,0,3
812.03,2,1,0,8
323.22,1,2,2,6
453.77,4,4,0,6
562.13,4,1,0,6
343.8,0,1,2,10
765.55,1,3,0,23
328.39,3,2,0,20
630.28,2,2,2,3
388.87,0,2,0,10
351.62,1,1,0,4
758.58,0,0,2,11
19420.6,2,3,2,3
390.28,4,0,2,13
288.92,3,0,0,1
282.55,3,2,0,9
676.52,3,1,1,5
940.94,4,4,2,14
592.26,2,4,2,21
670.29,4,1,2,12
143.42,2,1,2,7
942.03,0,0,0,12
576.81,4,0,2,22
436.78,3,0,1,4
389.19,1,3,2,10
157.81,3,0,2,21
267.63,2,0,0,15
515.78,0,2,1,14
81.7,4,1,0,22
223.91,1,4,1,4
463.65,3,3,2,23
16.34,1,0,2,2
154.12,4,0,1,17
335.59,3,4,2,6
10086.94,2,4,1,5
964.96,2,4,0,13
496.6,3,1,2,5
726.18,0,0,1,13
728.34,0,1,1,4
785.25,0,2,1,23
414.25,4,1,0,21
126.22,1,3,2,16
72.67,2,3,1,0
596.55,3,0,0,22
212.78,3,4,0,5
674.74,4,3,2,20
866.84,0,2,0,10
894.46,3,1,1,16
23.44,2,1,0,1
239.08,1,1,0,21
654.59,2,4,1,12
803.49,1,0,0,23
481.91,2,3,0,19
282.89,4,0,0,17
424.93,0,0,0,11
946.42,4,1,1,10
147.12,2,3,0,7
361.55,3,4,2,14
5.29,1,3,2,3
678.0,3,1,1,5
321.77,4,1,1,22
197.1,1,2,0,12
329.56,1,0,2,17
972.97,3,4,0,22
984.51,4,4,1,21
623.19,1,0,1,13
2.1,3,3,1,5
876.02,1,1,0,23
320.51,4,3,0,20
810.73,0,3,2,16
772.95,4,2,0,20
836.6,2,2,0,11
100.71,1,4,0,14
268.88,4,4,1,14
699.62,3,3,0,4
289.05,4,3,2,22
140.42,2,3,0,19
26243.6,2,4,0,8
289.56,3,3,1,15
369.51,2,2,1,12
23.62,0,1,0,19
275.33,2,0,0,0
125.38,2,1,2,20
283.46,2,3,0,16
580.16,2,3,1,23
11.16,0,2,1,20
139.84,3,2,2,19
133.26,1,1,2,19
300.94,0,4,2,7
968.18,0,4,1,8
601.31,1,0,2,12
282.99,4,3,2,7
162.68,4,3,2,10
641.4,3,4,2,2
845.63,1,1,0,15
76.32,2,1,2,18
151.96,2,0,2,1
56.5,3,4,0,12
976.17,2,1,0,3
579.67,3,0,2,12
539.25,1,3,0,7
192.9,0,4,1,22
834.39,2,2,1,4
762.06,1,2,2,15
574.3,0,2,1,16
108.0,1,3,0,23
744.17,0,3,2,4
912.05,3,1,1,17
132.79,0,1,0,16
112.44,0,4,2,8
465.6,2,2,0,15
781.27,3,2,0,4
137.33,2,4,2,15
253.54,4,0,0,1
726.52,1,0,2,4
636.21,0,4,2,5
797.95,2,2,2,3
883.13,0,2,0,3
740.86,1,0,0,8
691.1,2,0,0,23
670.96,0,0,0,5
747.17,2,1,0,10
339.24,0,4,1,20
974.21,2,4,1,21
730.76,4,3,2,21
128.5,1,2,2,13
984.59,0,3,0,14
23.42,0,3,0,20
516.9,4,3,2,20
434.68,1,1,2,18
84.89,3,2,0,14
866.74,3,0,0,21
422.47,0,4,1,10
965.37,4,1,0,7
126.37,3,2,2,17
863.82,2,0,2,1
734.44,1,2,0,1
998.18,0,4,2,8
539.32,1,3,1,5
522.47,2,1,2,16
28.0,4,4,0,16
570.12,0,2,2,18
934.98,0,4,0,2
178.83,1,0,1,9
574.35,2,3,0,21
235.02,4,1,0,3
423.5,3,4,2,7
109.7,2,0,2,6
77.92,4,0,0,15
760.13,0,2,1,16
778.37,3,3,0,13
884.36,2,0,0,4
22263.91,1,0,2,9
414.66,4,4,0,15
520.43,3,0,2,21
624.15,1,4,0,11
313.85,0,2,2,11
29045.54,1,1,2,16
152.09,0,1,1,5
386.96,0,4,1,13
441.42,2,0,0,17
530.32,3,3,1,13
946.3,1,4,2,8
64.24,4,0,1,0
626.53,4,2,2,22
370.24,3,3,0,16
26918.67,2,2,1,16
153.24,0,3,1,7
381.87,2,4,0,3
487.5,1,1,2,9
35.57,1,3,1,19
16.27,3,1,0,13
398.96,2,4,0,17
225.66,3,4,1,5
